Tom Hanks	member of political party	Democratic Party		
Tom Hanks	occupation	composer		
Tom Hanks	occupation	film producer		
Tom Hanks	occupation	television actor		
Tom Hanks	occupation	television producer		
Tom Hanks	occupation	character actor		
Tom Hanks	occupation	television director		
Tom Hanks	occupation	screenwriter		
Tom Hanks	occupation	voice actor		
Tom Hanks	occupation	writer		
Tom Hanks	occupation	actor		
Tom Hanks	occupation	film director		
Tom Hanks	occupation	film actor		
Tom Hanks	religion	Orthodox Christianity		
Tom Hanks	award received	Academy Award for Best Actor	point in time	1995-01-01T00:00:00Z
Tom Hanks	award received	Academy Award for Best Actor	statement is subject of	67th Academy Awards
Tom Hanks	award received	Academy Award for Best Actor	for work	Forrest Gump
Tom Hanks	award received	Knight of the Legion of Honour		
Tom Hanks	award received	Academy Award for Best Actor	point in time	1994-01-01T00:00:00Z
Tom Hanks	award received	Academy Award for Best Actor	statement is subject of	66th Academy Awards
Tom Hanks	award received	Academy Award for Best Actor	for work	Philadelphia
Tom Hanks	award received	AFI Life Achievement Award	point in time	2002-01-01T00:00:00Z
Tom Hanks	award received	Theatre World Award	point in time	2013-01-01T00:00:00Z
Tom Hanks	award received	Kennedy Center Honors	point in time	2014-01-01T00:00:00Z
Tom Hanks	award received	Primetime Emmy Award		
Tom Hanks	award received	Golden Globe Award for Best Actor – Motion Picture Drama	point in time	1995-01-01T00:00:00Z
Tom Hanks	award received	Golden Globe Award for Best Actor – Motion Picture Drama	for work	Forrest Gump
Tom Hanks	award received	Golden Globe Award for Best Actor – Motion Picture Drama	point in time	2001-01-01T00:00:00Z
Tom Hanks	award received	Golden Globe Award for Best Actor – Motion Picture Drama	for work	Cast Away
Tom Hanks	award received	Screen Actors Guild Award for Outstanding Performance by a Male Actor in a Leading Role	point in time	1995-01-01T00:00:00Z
Tom Hanks	award received	Screen Actors Guild Award for Outstanding Performance by a Male Actor in a Leading Role	for work	Forrest Gump
Tom Hanks	award received	Presidential Medal of Freedom	point in time	2016-01-01T00:00:00Z
Tom Hanks	award received	Screen Actors Guild Award for Outstanding Performance by a Cast in a Motion Picture	point in time	1996-01-01T00:00:00Z
Tom Hanks	award received	Screen Actors Guild Award for Outstanding Performance by a Cast in a Motion Picture	for work	Apollo 13
Tom Hanks	award received	Golden Globe Award for Best Actor – Motion Picture Musical or Comedy	point in time	1989-01-01T00:00:00Z
Tom Hanks	award received	Golden Globe Award for Best Actor – Motion Picture Musical or Comedy	for work	Big
Tom Hanks	award received	Golden Globe Award for Best Actor – Motion Picture Drama	point in time	1994-01-01T00:00:00Z
Tom Hanks	award received	Golden Globe Award for Best Actor – Motion Picture Drama	for work	Philadelphia
Tom Hanks	ethnic group	Portuguese American		
Tom Hanks	ethnic group	British American		
Tom Hanks	image	http://commons.wikimedia.org/wiki/Special:FilePath/TomHanksJan2009.jpg	point in time	2009-01-18T00:00:00Z
Tom Hanks	place of birth	Concord		
Tom Hanks	sex or gender	male		
Tom Hanks	ISNI	0000 0001 2123 2378		
Tom Hanks	VIAF ID	19874894		
Tom Hanks	GND ID	119287781		
Tom Hanks	Library of Congress authority ID	n87910188		
Tom Hanks	spouse	Samantha Lewes	start time	1978-01-01T00:00:00Z
Tom Hanks	spouse	Samantha Lewes	end time	1987-01-01T00:00:00Z
Tom Hanks	spouse	Rita Wilson	start time	1988-04-30T00:00:00Z
Tom Hanks	spouse	Rita Wilson	place of marriage	Saint Sophia's Church, Los Angeles
Tom Hanks	country of citizenship	United States of America		
Tom Hanks	instance of	human		
Tom Hanks	child	Colin Hanks		
Tom Hanks	child	Elizabeth Hanks		
Tom Hanks	child	Chet Hanks		
Tom Hanks	child	Truman Hanks		
Tom Hanks	educated at	Chabot College	academic major	theater
Tom Hanks	educated at	Skyline High School		
Tom Hanks	educated at	California State University, Sacramento		
Tom Hanks	National Thesaurus for Author Names ID	71345108		
Tom Hanks	medical condition	type 2 diabetes mellitus		
Tom Hanks	NUKAT (WarsawU) authorities ID	n2008131178		
Tom Hanks	Internet Broadway Database person ID	493579		
Tom Hanks	ISFDB author ID	209052		
Tom Hanks	Rotten Tomatoes ID	celebrity/tom_hanks		
Tom Hanks	NNDB people ID	687/000022621		
Tom Hanks	AlloCiné person ID	14100		
Tom Hanks	CANTIC-ID	a11769634		
Tom Hanks	CONOR ID	7359587		
Tom Hanks	filmography	Tom Hanks filmography		
Tom Hanks	Munzinger IBA	20873		
Tom Hanks	Gran Enciclopèdia Catalana ID	247630		
Tom Hanks	People Australia ID	1194709		
Tom Hanks	nominated for	Tony Award for Best Actor in a Play	point in time	2013-01-01T00:00:00Z
Tom Hanks	nominated for	Tony Award for Best Actor in a Play	statement is subject of	67th Tony Awards
Tom Hanks	nominated for	Academy Award for Best Actor	statement is subject of	66th Academy Awards
Tom Hanks	nominated for	Academy Award for Best Actor	for work	Philadelphia
Tom Hanks	nominated for	Academy Award for Best Actor	point in time	1988-01-01T00:00:00Z
Tom Hanks	nominated for	Academy Award for Best Actor	statement is subject of	61st Academy Awards
Tom Hanks	nominated for	Academy Award for Best Actor	for work	Big
Tom Hanks	nominated for	Academy Award for Best Actor	statement is subject of	71st Academy Awards
Tom Hanks	nominated for	Academy Award for Best Actor	for work	Saving Private Ryan
Tom Hanks	nominated for	Academy Award for Best Actor	statement is subject of	73rd Academy Awards
Tom Hanks	nominated for	Academy Award for Best Actor	for work	Cast Away
Tom Hanks	nominated for	Academy Award for Best Actor	statement is subject of	67th Academy Awards
Tom Hanks	nominated for	Academy Award for Best Actor	for work	Forrest Gump
Tom Hanks	languages spoken, written or signed	English		
Tom Hanks	Encyclopædia Britannica Online ID	biography/Tom-Hanks		
Tom Hanks	birth name	Thomas Jeffrey Hanks		
Tom Hanks	Dialnet author ID	4059541		
Tom Hanks	AllMusic artist ID	mn0000608649		
Tom Hanks	GTAA ID	106942		
Tom Hanks	genealogics.org person ID	I00454507		
Tom Hanks	Discogs artist ID	290616		
Tom Hanks	MovieMeter director ID	12866		
Tom Hanks	Twitter username	tomhanks	number of subscribers	15470336
Tom Hanks	AllMovie artist ID	p93341		
Tom Hanks	work period (start)	1980-01-01T00:00:00Z		
Tom Hanks	height	6		
Tom Hanks	FAST ID	211660		
Tom Hanks	SFDb person ID	101884		
Tom Hanks	net worth	390000000		
Tom Hanks	Elonet person ID	156858		
Tom Hanks	PORT person ID	6640		
Tom Hanks	Scope.dk person ID	419		
Tom Hanks	Kinopoisk person ID	9144		
Tom Hanks	ČSFD person ID	330		
Tom Hanks	DNF person ID	34677		
Tom Hanks	Filmportal ID	4288773372d442c79369931dba07fba9		
Tom Hanks	BnF ID	13981774h		
Tom Hanks	Box Office Mojo person ID	tomhanks		
Tom Hanks	SUDOC authorities ID	52201805		
Tom Hanks	CiNii author ID (books)	DA12200346		
Tom Hanks	WikiTree person ID	Hanks-1171		
Tom Hanks	permanent duplicated item	Q26356488		
Tom Hanks	Goodreads author ID	416300		
Tom Hanks	TCM Movie Database person ID	80532		
Tom Hanks	Guardian topic ID	film/tomhanks		
Tom Hanks	EDb person ID	n0002875		
Tom Hanks	Last.fm ID	Tom+Hanks		
Tom Hanks	Encyclopædia Universalis ID	tom-hanks		
Tom Hanks	NE.se ID	tom-hanks		
Tom Hanks	Myspace ID	tomhanks		
Tom Hanks	KINENOTE person ID	17047		
Tom Hanks	sibling	Jim Hanks		
Tom Hanks	sibling	Larry Hanks		
Tom Hanks	Quora topic ID	Tom-Hanks-actor		
Tom Hanks	SNAC Ark ID	w6dn4rvx		
Tom Hanks	IMDb ID	nm0000158		
Tom Hanks	Songkick artist ID	749901		
Tom Hanks	NDL Auth ID	649764		
Tom Hanks	Cultureel Woordenboek identifier	film/tom-hanks		
Tom Hanks	Commons category	Tom Hanks		
Tom Hanks	Cinema ID	1569511		
Tom Hanks	SBN author ID	IT\\ICCU\\RAVV\\093984		
Tom Hanks	Filmweb.pl ID	person/Tom.Hanks		
Tom Hanks	NLA (Australia) ID	36033970		
Tom Hanks	Billboard artist ID	tom-hanks		
Tom Hanks	Deutsche Synchronkartei actor-ID	183		
Tom Hanks	MusicBrainz artist ID	065d44ce-48cf-4b1c-85ad-555d0345ba6e		
Tom Hanks	member of	American Academy of Arts and Sciences		
Tom Hanks	The Numbers person ID	650401		
Tom Hanks	Cinemagia actor ID	921		
Tom Hanks	TMDb person ID	31		
Tom Hanks	residence	Oakland		
Tom Hanks	residence	Los Angeles		
Tom Hanks	Open Media Database person ID	31		
Tom Hanks	date of birth	1956-07-09T00:00:00Z		
Tom Hanks	Playbill person ID	tom-hanks-vault-0000123795		
Tom Hanks	Academy Awards Database nominee ID	6328		
Tom Hanks	Freebase ID	/m/0bxtg		
Tom Hanks	NKCR AUT ID	jn20000720094		
Tom Hanks	family name	Hanks		
Tom Hanks	given name	Tom		
Tom Hanks	notable work	Forrest Gump		
Tom Hanks	notable work	Philadelphia		
Tom Hanks	notable work	Toy Story		
Tom Hanks	notable work	Big		
Tom Hanks	notable work	Saving Private Ryan		
Tom Hanks	BNE ID	XX953130
Tom Cruise	occupation	film director		
Tom Cruise	occupation	film producer		
Tom Cruise	occupation	film actor		
Tom Cruise	religion	Scientology	start time	1990-01-01T00:00:00Z
Tom Cruise	award received	Golden Globe Award for Best Actor – Motion Picture Drama	point in time	1990-01-01T00:00:00Z
Tom Cruise	award received	Golden Globe Award for Best Actor – Motion Picture Drama	for work	Born on the Fourth of July
Tom Cruise	award received	Golden Globe Award for Best Supporting Actor – Motion Picture	point in time	2000-01-01T00:00:00Z
Tom Cruise	award received	Golden Globe Award for Best Supporting Actor – Motion Picture	for work	Magnolia
Tom Cruise	award received	IAS Freedom Medal		
Tom Cruise	award received	Golden Globe Award for Best Actor – Motion Picture Musical or Comedy	point in time	1997-01-01T00:00:00Z
Tom Cruise	award received	Golden Globe Award for Best Actor – Motion Picture Musical or Comedy	for work	Jerry Maguire
Tom Cruise	image	http://commons.wikimedia.org/wiki/Special:FilePath/Tom%20cruise%201989.jpg	point in time	1989-01-01T00:00:00Z
Tom Cruise	image	http://commons.wikimedia.org/wiki/Special:FilePath/TomCruiseByIanMorris2010.jpg	point in time	2010-07-22T00:00:00Z
Tom Cruise	image	http://commons.wikimedia.org/wiki/Special:FilePath/TomCruiseDec08MTV%20cropped.jpg	point in time	2008-12-08T00:00:00Z
Tom Cruise	place of birth	Syracuse		
Tom Cruise	sex or gender	male		
Tom Cruise	ISNI	0000 0001 2141 6345		
Tom Cruise	VIAF ID	84032940		
Tom Cruise	GND ID	118872206		
Tom Cruise	Library of Congress authority ID	n87880878		
Tom Cruise	spouse	Nicole Kidman	start time	1990-12-24T00:00:00Z
Tom Cruise	spouse	Nicole Kidman	end time	2001-01-01T00:00:00Z
Tom Cruise	spouse	Nicole Kidman	place of marriage	Telluride
Tom Cruise	spouse	Mimi Rogers	start time	1987-05-09T00:00:00Z
Tom Cruise	spouse	Mimi Rogers	end time	1990-02-04T00:00:00Z
Tom Cruise	spouse	Katie Holmes	start time	2006-11-28T00:00:00Z
Tom Cruise	spouse	Katie Holmes	end time	2012-01-01T00:00:00Z
Tom Cruise	country of citizenship	United States of America		
Tom Cruise	instance of	human		
Tom Cruise	child	Connor Cruise		
Tom Cruise	child	Suri Cruise		
Tom Cruise	child	Isabella Jane Cruise		
Tom Cruise	educated at	Henry Munro Middle School		
Tom Cruise	National Thesaurus for Author Names ID	73163406		
Tom Cruise	relative	William Mapother	type of kinship	male first cousin
Tom Cruise	student of	Sanford Meisner		
Tom Cruise	Rodovid ID	51816		
Tom Cruise	NNDB people ID	791/000022725		
Tom Cruise	AlloCiné person ID	1722		
Tom Cruise	CANTIC-ID	a11779627		
Tom Cruise	CONOR ID	7425379		
Tom Cruise	filmography	Tom Cruise filmography		
Tom Cruise	Munzinger IBA	19496		
Tom Cruise	Gran Enciclopèdia Catalana ID	242287		
Tom Cruise	People Australia ID	1107079		
Tom Cruise	nominated for	Academy Award for Best Supporting Actor	point in time	2000-01-01T00:00:00Z
Tom Cruise	nominated for	Academy Award for Best Supporting Actor	statement is subject of	72nd Academy Awards
Tom Cruise	nominated for	Academy Award for Best Supporting Actor	for work	Magnolia
Tom Cruise	nominated for	Academy Award for Best Actor	point in time	1990-01-01T00:00:00Z
Tom Cruise	nominated for	Academy Award for Best Actor	statement is subject of	62nd Academy Awards
Tom Cruise	nominated for	Academy Award for Best Actor	for work	Born on the Fourth of July
Tom Cruise	nominated for	Academy Award for Best Actor	point in time	1997-01-01T00:00:00Z
Tom Cruise	nominated for	Academy Award for Best Actor	statement is subject of	69th Academy Awards
Tom Cruise	nominated for	Academy Award for Best Actor	for work	Jerry Maguire
Tom Cruise	languages spoken, written or signed	English		
Tom Cruise	Encyclopædia Britannica Online ID	biography/Tom-Cruise-and-Nicole-Kidman		
Tom Cruise	Encyclopædia Britannica Online ID	biography/Tom-Cruise		
Tom Cruise	birth name	Thomas Cruise Mapother IV		
Tom Cruise	name in native language	Tom Cruise		
Tom Cruise	University of Barcelona authority ID	a1330168		
Tom Cruise	AllMusic artist ID	mn0001055052		
Tom Cruise	GTAA ID	86659		
Tom Cruise	Discogs artist ID	3056482		
Tom Cruise	number of children	3		
Tom Cruise	Twitter username	tomcruise		
Tom Cruise	Facebook ID	officialtomcruise		
Tom Cruise	AllMovie artist ID	p86295		
Tom Cruise	work period (start)	1981-01-01T00:00:00Z		
Tom Cruise	FAST ID	208218		
Tom Cruise	SFDb person ID	85706		
Tom Cruise	net worth	470000000	point in time	2015-01-01T00:00:00Z
Tom Cruise	net worth	480000000		
Tom Cruise	Elonet person ID	156923		
Tom Cruise	PORT person ID	6492		
Tom Cruise	Scope.dk person ID	385		
Tom Cruise	Kinopoisk person ID	20302		
Tom Cruise	ČSFD person ID	72		
Tom Cruise	DNF person ID	21741		
Tom Cruise	Filmportal ID	8e14267991a2455db21492b1520e288e		
Tom Cruise	BnF ID	12199014b		
Tom Cruise	Box Office Mojo person ID	tomcruise		
Tom Cruise	SUDOC authorities ID	59677414		
Tom Cruise	WikiTree person ID	Mapother-1		
Tom Cruise	TCM Movie Database person ID	41706		
Tom Cruise	VK user ID	id205387401		
Tom Cruise	Last.fm ID	Tom+Cruise		
Tom Cruise	Encyclopædia Universalis ID	tom-cruise		
Tom Cruise	NE.se ID	tom-cruise		
Tom Cruise	KINENOTE person ID	2167		
Tom Cruise	Quora topic ID	Tom-Cruise-actor		
Tom Cruise	SNAC Ark ID	w6hx1k5f		
Tom Cruise	IMDb ID	nm0000129		
Tom Cruise	Songkick artist ID	4316736		
Tom Cruise	NDL Auth ID	620541		
Tom Cruise	Commons category	Tom Cruise		
Tom Cruise	Dictionary of Sydney ID	person/cruise_tom		
Tom Cruise	Tumblr ID	tomcruise		
Tom Cruise	Deutsche Synchronkartei actor-ID	85		
Tom Cruise	MusicBrainz artist ID	05701f26-2083-41fa-9549-22ef7714b0c3		
Tom Cruise	partner	Penélope Cruz	start time	2001-01-01T00:00:00Z
Tom Cruise	partner	Penélope Cruz	end time	2004-01-01T00:00:00Z
Tom Cruise	partner	Rebecca De Mornay	start time	1983-01-01T00:00:00Z
Tom Cruise	partner	Rebecca De Mornay	end time	1985-01-01T00:00:00Z
Tom Cruise	TMDb person ID	500		
Tom Cruise	Giant Bomb ID	3040-167702		
Tom Cruise	residence	Los Angeles		
Tom Cruise	residence	Beacon Hill	start time	1971-01-01T00:00:00Z
Tom Cruise	handedness	ambidexterity		
Tom Cruise	Open Media Database person ID	500		
Tom Cruise	date of birth	1962-07-03T00:00:00Z		
Tom Cruise	Comic Vine ID	4005-36755		
Tom Cruise	Freebase ID	/m/07r1h		
Tom Cruise	NKCR AUT ID	jn20000700340		
Tom Cruise	family name	Cruise		
Tom Cruise	given name	Tomas		
Tom Cruise	given name	Thomas		
Tom Cruise	official website	http://www.tomcruise.com		
Tom Cruise	topic's main category	Category:Tom Cruise		
Tom Cruise	Commons gallery	Tom Cruise		
Tom Cruise	BNE ID	XX1109117
John Travolta	occupation	singer		
John Travolta	occupation	film actor		
John Travolta	occupation	stage actor		
John Travolta	occupation	aircraft pilot		
John Travolta	occupation	television actor		
John Travolta	occupation	writer		
John Travolta	occupation	dancer		
John Travolta	occupation	film producer		
John Travolta	occupation	musician		
John Travolta	occupation	actor		
John Travolta	religion	Scientology	start time	1975-01-01T00:00:00Z
John Travolta	religion	Catholic Church	start time	1954-01-01T00:00:00Z
John Travolta	religion	Catholic Church	end time	1975-01-01T00:00:00Z
John Travolta	award received	Donostia Award	point in time	2012-01-01T00:00:00Z
John Travolta	award received	IAS Freedom Medal		
John Travolta	image	http://commons.wikimedia.org/wiki/Special:FilePath/John%20Travolta%20Deauville%202013%202.jpg		
John Travolta	place of birth	Englewood		
John Travolta	sex or gender	male		
John Travolta	ISNI	0000 0001 2148 7581		
John Travolta	VIAF ID	117713609		
John Travolta	GND ID	118623680		
John Travolta	Library of Congress authority ID	n84006931		
John Travolta	spouse	Kelly Preston	start time	1991-01-01T00:00:00Z
John Travolta	country of citizenship	United States of America		
John Travolta	instance of	human		
John Travolta	child	Ella Bleu Travolta		
John Travolta	National Thesaurus for Author Names ID	70654506		
John Travolta	BIBSYS ID	90236135		
John Travolta	NUKAT (WarsawU) authorities ID	n2008059280		
John Travolta	Internet Broadway Database person ID	79824		
John Travolta	Rotten Tomatoes ID	celebrity/john_travolta		
John Travolta	NNDB people ID	927/000022861		
John Travolta	AlloCiné person ID	1844		
John Travolta	CANTIC-ID	a10165277		
John Travolta	CONOR ID	7079267		
John Travolta	Munzinger IBA	15458		
John Travolta	Gran Enciclopèdia Catalana ID	243328		
John Travolta	instrument	voice		
John Travolta	People Australia ID	930210		
John Travolta	nominated for	Academy Award for Best Actor	point in time	1977-01-01T00:00:00Z
John Travolta	nominated for	Academy Award for Best Actor	statement is subject of	50th Academy Awards
John Travolta	nominated for	Academy Award for Best Actor	for work	Saturday Night Fever
John Travolta	nominated for	Academy Award for Best Actor	statement is subject of	67th Academy Awards
John Travolta	nominated for	Academy Award for Best Actor	for work	Pulp Fiction
John Travolta	languages spoken, written or signed	English		
John Travolta	Encyclopædia Britannica Online ID	biography/John-Travolta		
John Travolta	name in native language	John Travolta		
John Travolta	AllMusic artist ID	mn0000192840		
John Travolta	GTAA ID	161746		
John Travolta	Discogs artist ID	195173		
John Travolta	number of children	3		
John Travolta	Instagram username	johntravolta		
John Travolta	Facebook ID	johntravolta		
John Travolta	AllMovie artist ID	p71670		
John Travolta	work period (start)	1969-01-01T00:00:00Z		
John Travolta	FAST ID	128020		
John Travolta	SFDb person ID	73751		
John Travolta	C-SPAN person ID	johntravolta		
John Travolta	Elonet person ID	227627		
John Travolta	PORT person ID	4482		
John Travolta	Scope.dk person ID	1963		
John Travolta	Kinopoisk person ID	6479		
John Travolta	ČSFD person ID	115		
John Travolta	DNF person ID	22348		
John Travolta	BnF ID	119397268		
John Travolta	Box Office Mojo person ID	johntravolta		
John Travolta	SUDOC authorities ID	27332322		
John Travolta	Goodreads author ID	80453		
John Travolta	TCM Movie Database person ID	193826		
John Travolta	Last.fm ID	John+Travolta		
John Travolta	NE.se ID	john-travolta		
John Travolta	KINENOTE person ID	257		
John Travolta	sibling	Ellen Travolta		
John Travolta	sibling	Margaret Travolta		
John Travolta	sibling	Joey Travolta		
John Travolta	SNAC Ark ID	w6jt0mgs		
John Travolta	IMDb ID	nm0000237		
John Travolta	Songkick artist ID	520527		
John Travolta	NDL Auth ID	621572		
John Travolta	Commons category	John Travolta		
John Travolta	NLA (Australia) ID	35373991		
John Travolta	Billboard artist ID	john-travolta		
John Travolta	MusicBrainz artist ID	94f4c61e-5cf3-4cba-ab3e-9bd5be99f6ab		
John Travolta	Internet Off-Broadway Database ID	34697		
John Travolta	cinematografo name or company ID	122967		
John Travolta	TMDb person ID	8891		
John Travolta	residence	Jumbolair Airport		
John Travolta	Open Media Database person ID	8891		
John Travolta	date of birth	1954-02-18T00:00:00Z		
John Travolta	Freebase ID	/m/0f502		
John Travolta	Rock's Backpages artist ID	john-travolta		
John Travolta	NKCR AUT ID	mzk2003214186		
John Travolta	family name	Travolta		
John Travolta	given name	John		
John Travolta	official website	http://travolta.com	language of work or name	English
John Travolta	topic's main category	Category:John Travolta		
John Travolta	Commons gallery	John Travolta		
John Travolta	BNE ID	XX4579561
Audrey Hepburn	occupation	model		
Audrey Hepburn	occupation	film actor		
Audrey Hepburn	occupation	stage actor		
Audrey Hepburn	occupation	philanthropist		
Audrey Hepburn	occupation	dancer		
Audrey Hepburn	occupation	model		
Audrey Hepburn	occupation	actor		
Audrey Hepburn	signature	http://commons.wikimedia.org/wiki/Special:FilePath/Audrey%20Hepburn%20signature.svg		
Audrey Hepburn	place of burial	Tolochenaz		
Audrey Hepburn	award received	David di Donatello for Best Foreign Actress	point in time	1960-01-01T00:00:00Z
Audrey Hepburn	award received	David di Donatello for Best Foreign Actress	for work	The Nun's Story
Audrey Hepburn	award received	Golden Globe Cecil B. DeMille Award	point in time	1989-01-01T00:00:00Z
Audrey Hepburn	award received	Jean Hersholt Humanitarian Award	point in time	1993-01-01T00:00:00Z
Audrey Hepburn	award received	David di Donatello for Best Foreign Actress	point in time	1962-01-01T00:00:00Z
Audrey Hepburn	award received	David di Donatello for Best Foreign Actress	for work	Breakfast at Tiffany's
Audrey Hepburn	award received	Special Tony Award	point in time	1968-01-01T00:00:00Z
Audrey Hepburn	award received	Golden Globe Award for Best Actress – Motion Picture Drama	point in time	1953-01-01T00:00:00Z
Audrey Hepburn	award received	Golden Globe Award for Best Actress – Motion Picture Drama	for work	Roman Holiday
Audrey Hepburn	award received	Grammy Award for Best Spoken Word Album for Children	point in time	1993-01-01T00:00:00Z
Audrey Hepburn	award received	Grammy Award for Best Spoken Word Album for Children	winner	Deborah Raffin
Audrey Hepburn	award received	Grammy Award for Best Spoken Word Album for Children	winner	Michael Viner
Audrey Hepburn	award received	Grammy Award for Best Spoken Word Album for Children	for work	Audrey Hepburn's Enchanted Tales
Audrey Hepburn	award received	Screen Actors Guild Life Achievement Award	point in time	1992-01-01T00:00:00Z
Audrey Hepburn	award received	Tony Award for Best Actress in a Play	point in time	1954-01-01T00:00:00Z
Audrey Hepburn	award received	Tony Award for Best Actress in a Play	statement is subject of	8th Tony Awards
Audrey Hepburn	award received	Tony Award for Best Actress in a Play	for work	Ondine, ou La naïade
Audrey Hepburn	award received	Grammy Award for Best Spoken Word Album for Children	point in time	1993-01-01T00:00:00Z
Audrey Hepburn	award received	Grammy Award for Best Spoken Word Album for Children	winner	Deborah Raffin
Audrey Hepburn	award received	Grammy Award for Best Spoken Word Album for Children	for work	Audrey Hepburn's Enchanted Tales
Audrey Hepburn	award received	David di Donatello for Best Foreign Actress	point in time	1965-01-01T00:00:00Z
Audrey Hepburn	award received	David di Donatello for Best Foreign Actress	for work	My Fair Lady
Audrey Hepburn	award received	Crystal Award	point in time	1996-01-01T00:00:00Z
Audrey Hepburn	award received	Theatre World Award	point in time	1952-01-01T00:00:00Z
Audrey Hepburn	award received	Presidential Medal of Freedom	point in time	1992-01-01T00:00:00Z
Audrey Hepburn	award received	Grammy Award		
Audrey Hepburn	award received	Commandeur des Arts et des Lettres‎		
Audrey Hepburn	award received	Emmy Award		
Audrey Hepburn	award received	New York Film Critics Circle Award for Best Actress	point in time	1959-01-01T00:00:00Z
Audrey Hepburn	award received	New York Film Critics Circle Award for Best Actress	for work	The Nun's Story
Audrey Hepburn	award received	Academy Award for Best Actress	point in time	1953-01-01T00:00:00Z
Audrey Hepburn	award received	Academy Award for Best Actress	statement is subject of	26th Academy Awards
Audrey Hepburn	award received	Academy Award for Best Actress	for work	Roman Holiday
Audrey Hepburn	award received	star on Hollywood Walk of Fame	point in time	1980-02-08T00:00:00Z
Audrey Hepburn	image	http://commons.wikimedia.org/wiki/Special:FilePath/Audrey%20Hepburn%201956.jpg	media legend	Hepburn en 1956.
Audrey Hepburn	place of birth	Ixelles	located in the administrative territorial entity	Brussels-Capital Region
Audrey Hepburn	place of death	Tolochenaz	country	Switzerland
Audrey Hepburn	place of death	Tolochenaz	located in the administrative territorial entity	Canton of Vaud
Audrey Hepburn	sex or gender	female		
Audrey Hepburn	ISNI	0000 0001 1068 327X		
Audrey Hepburn	VIAF ID	66543141		
Audrey Hepburn	GND ID	118746731		
Audrey Hepburn	Library of Congress authority ID	n84066746		
Audrey Hepburn	mother	Ella van Heemstra		
Audrey Hepburn	spouse	Andrea Dotti	start time	1969-01-01T00:00:00Z
Audrey Hepburn	spouse	Andrea Dotti	end time	1982-01-01T00:00:00Z
Audrey Hepburn	spouse	Mel Ferrer	start time	1954-01-01T00:00:00Z
Audrey Hepburn	spouse	Mel Ferrer	end time	1968-01-01T00:00:00Z
Audrey Hepburn	country of citizenship	United Kingdom		
Audrey Hepburn	instance of	human		
Audrey Hepburn	position held	UNICEF Goodwill Ambassador		
Audrey Hepburn	NLR (Romania) ID	RUNLRAUTH77115586		
Audrey Hepburn	National Thesaurus for Author Names ID	74312022		
Audrey Hepburn	BIBSYS ID	90766433		
Audrey Hepburn	student of	Marie Rambert		
Audrey Hepburn	student of	Constance Collier		
Audrey Hepburn	student of	Sonia Gaskell		
Audrey Hepburn	student of	Felix Aylmer		
Audrey Hepburn	manner of death	natural causes		
Audrey Hepburn	NUKAT (WarsawU) authorities ID	n96402301		
Audrey Hepburn	Internet Broadway Database person ID	44925		
Audrey Hepburn	Internet Broadway Database person ID	80383		
Audrey Hepburn	NNDB people ID	933/000026855		
Audrey Hepburn	AlloCiné person ID	760		
Audrey Hepburn	CANTIC-ID	a10099669		
Audrey Hepburn	CONOR ID	9995107		
Audrey Hepburn	Munzinger IBA	5913		
Audrey Hepburn	Gran Enciclopèdia Catalana ID	32419		
Audrey Hepburn	People Australia ID	1106975		
Audrey Hepburn	described by source	1001 vrouwen in de 20ste eeuw		
Audrey Hepburn	described by source	1001 Vrouwen uit de Nederlandse geschiedenis	section, verse, paragraph, or clause	983
Audrey Hepburn	LNB ID	243714		
Audrey Hepburn	nominated for	Academy Award for Best Actress	statement is subject of	34th Academy Awards
Audrey Hepburn	nominated for	Academy Award for Best Actress	for work	Breakfast at Tiffany's
Audrey Hepburn	nominated for	Academy Award for Best Actress	statement is subject of	40th Academy Awards
Audrey Hepburn	nominated for	Academy Award for Best Actress	for work	Wait Until Dark
Audrey Hepburn	nominated for	Academy Award for Best Actress	statement is subject of	26th Academy Awards
Audrey Hepburn	nominated for	Academy Award for Best Actress	for work	Roman Holiday
Audrey Hepburn	nominated for	Academy Award for Best Actress	statement is subject of	32nd Academy Awards
Audrey Hepburn	nominated for	Academy Award for Best Actress	for work	The Nun's Story
Audrey Hepburn	nominated for	Academy Award for Best Actress	point in time	1954-01-01T00:00:00Z
Audrey Hepburn	nominated for	Academy Award for Best Actress	statement is subject of	27th Academy Awards
Audrey Hepburn	nominated for	Academy Award for Best Actress	for work	Sabrina
Audrey Hepburn	languages spoken, written or signed	English		
Audrey Hepburn	Oxford Dictionary of National Biography ID	52107		
Audrey Hepburn	Encyclopædia Britannica Online ID	biography/Audrey-Hepburn		
Audrey Hepburn	image of tombstone	http://commons.wikimedia.org/wiki/Special:FilePath/Grave%20of%20Audrey%20Hepburn%2C%20Tolochenaz%2C%20Switzerland%20-%2020080711.jpg		
Audrey Hepburn	birth name	Audrey Kathleen Ruston		
Audrey Hepburn	name in native language	Audrey Hepburn		
Audrey Hepburn	British Museum person-institution	147707		
Audrey Hepburn	GTAA ID	108968		
Audrey Hepburn	DVN ID	hepburn		
Audrey Hepburn	commemorative plaque image	http://commons.wikimedia.org/wiki/Special:FilePath/Hepburn.JPG		
Audrey Hepburn	commemorative plaque image	http://commons.wikimedia.org/wiki/Special:FilePath/Audrey%20Hepburn%20Hollywood%20Star.jpg		
Audrey Hepburn	National Portrait Gallery (London) person ID	mp16884		
Audrey Hepburn	genealogics.org person ID	I00009396		
Audrey Hepburn	Spotify artist ID	16eV2TebyEhqaDRFEZJ9h8		
Audrey Hepburn	Discogs artist ID	1130742		
Audrey Hepburn	number of children	2		
Audrey Hepburn	Facebook ID	35824635063		
Audrey Hepburn	AllMovie artist ID	p31869		
Audrey Hepburn	work period (start)	1948-01-01T00:00:00Z		
Audrey Hepburn	FAST ID	129498		
Audrey Hepburn	SFDb person ID	92617		
Audrey Hepburn	Elonet person ID	230800		
Audrey Hepburn	PORT person ID	9225		
Audrey Hepburn	Scope.dk person ID	19825		
Audrey Hepburn	Kinopoisk person ID	135681		
Audrey Hepburn	ČSFD person ID	811		
Audrey Hepburn	DNF person ID	74982		
Audrey Hepburn	Filmportal ID	27af66a40ea2424bba50fbf106d68010		
Audrey Hepburn	BnF ID	12360908f		
Audrey Hepburn	SUDOC authorities ID	32616694		
Audrey Hepburn	Great Russian Encyclopedia Online ID	4664397		
Audrey Hepburn	WikiTree person ID	Ruston-29		
Audrey Hepburn	TCM Movie Database person ID	85047		
Audrey Hepburn	Encyclopædia Universalis ID	audrey-hepburn		
Audrey Hepburn	NE.se ID	audrey-hepburn		
Audrey Hepburn	Quora topic ID	Audrey-Hepburn-actor		
Audrey Hepburn	SNAC Ark ID	w6bs10xb		
Audrey Hepburn	IMDb ID	nm0000030		
Audrey Hepburn	NDL Auth ID	620813		
Audrey Hepburn	Commons category	Audrey Hepburn		
Audrey Hepburn	wears	pixie cut		
Audrey Hepburn	wears	Black Givenchy dress of Audrey Hepburn		
Audrey Hepburn	NLA (Australia) ID	35830346		
Audrey Hepburn	MusicBrainz artist ID	7ddb6325-7022-4d30-a585-78a8eab631ab		
Audrey Hepburn	gravsted.dk ID	audreyhepburn		
Audrey Hepburn	Google Doodle	audrey-hepburns-85th-birthday		
Audrey Hepburn	partner	Robert Wolders	start time	1980-01-01T00:00:00Z
Audrey Hepburn	partner	Robert Wolders	end time	1993-01-01T00:00:00Z
Audrey Hepburn	The Peerage person ID	p47215.htm#i472150		
Audrey Hepburn	cinematografo name or company ID	55528		
Audrey Hepburn	American National Biography ID	1803394		
Audrey Hepburn	TMDb person ID	1932		
Audrey Hepburn	on focus list of Wikimedia project	Art+Feminism		
Audrey Hepburn	cause of death	colorectal cancer		
Audrey Hepburn	Find A Grave memorial ID	475		
Audrey Hepburn	Open Media Database person ID	1932		
Audrey Hepburn	Libris-URI	b8nqt6zv1vhxlwn		
Audrey Hepburn	date of birth	1929-05-04T00:00:00Z		
Audrey Hepburn	date of death	1993-01-20T00:00:00Z		
Audrey Hepburn	Muziekweb performer ID	M00000007516		
Audrey Hepburn	Freebase ID	/m/0dqcm		
Audrey Hepburn	Biografisch Portaal number	23359118		
Audrey Hepburn	NKCR AUT ID	jn20000700695		
Audrey Hepburn	family name	Hepburn		
Audrey Hepburn	given name	Audrey		
Audrey Hepburn	official website	http://audreyhepburn.org/		
Audrey Hepburn	official website	http://www.audreyhepburn.com		
Audrey Hepburn	SELIBR ID	252116		
Audrey Hepburn	topic's main category	Category:Audrey Hepburn		
Audrey Hepburn	Commons gallery	Audrey Hepburn		
Audrey Hepburn	BNE ID	XX967338
Katharine Hepburn	field of work	actor		
Katharine Hepburn	occupation	television actor		
Katharine Hepburn	occupation	autobiographer		
Katharine Hepburn	occupation	stage actor		
Katharine Hepburn	occupation	actor		
Katharine Hepburn	occupation	film actor		
Katharine Hepburn	place of burial	Cedar Hill Cemetery		
Katharine Hepburn	religion	atheism		
Katharine Hepburn	award received	Emmy Award		
Katharine Hepburn	award received	Academy Award for Best Actress	point in time	1968-01-01T00:00:00Z
Katharine Hepburn	award received	Academy Award for Best Actress	statement is subject of	41st Academy Awards
Katharine Hepburn	award received	Academy Award for Best Actress	for work	The Lion in Winter
Katharine Hepburn	award received	David di Donatello		
Katharine Hepburn	award received	Cannes Film Festival Award for Best Actress		
Katharine Hepburn	award received	Volpi Cup for Best Actress		
Katharine Hepburn	award received	Kennedy Center Honors		
Katharine Hepburn	award received	Screen Actors Guild Award		
Katharine Hepburn	award received	Connecticut Women's Hall of Fame		
Katharine Hepburn	award received	British Academy of Film and Television Arts		
Katharine Hepburn	award received	Academy Award for Best Actress	point in time	1981-01-01T00:00:00Z
Katharine Hepburn	award received	Academy Award for Best Actress	statement is subject of	54th Academy Awards
Katharine Hepburn	award received	Academy Award for Best Actress	for work	On Golden Pond
Katharine Hepburn	award received	Screen Actors Guild Life Achievement Award		
Katharine Hepburn	award received	Academy Award for Best Actress	point in time	1933-01-01T00:00:00Z
Katharine Hepburn	award received	Academy Award for Best Actress	statement is subject of	6th Academy Awards
Katharine Hepburn	award received	Academy Award for Best Actress	for work	Morning Glory
Katharine Hepburn	award received	Academy Award for Best Actress	point in time	1967-01-01T00:00:00Z
Katharine Hepburn	award received	Academy Award for Best Actress	statement is subject of	40th Academy Awards
Katharine Hepburn	award received	Academy Award for Best Actress	for work	Guess Who's Coming to Dinner
Katharine Hepburn	image	http://commons.wikimedia.org/wiki/Special:FilePath/Katharine%20Hepburn%20promo%20pic.jpg	media legend	Кэтрин Хепбёрн в 1942 году
Katharine Hepburn	place of birth	Hartford		
Katharine Hepburn	place of death	Old Saybrook		
Katharine Hepburn	sex or gender	female		
Katharine Hepburn	ISNI	0000 0001 2277 3571		
Katharine Hepburn	VIAF ID	22168112		
Katharine Hepburn	father	Thomas Norval Hepburn		
Katharine Hepburn	GND ID	118549391		
Katharine Hepburn	Library of Congress authority ID	n50038123		
Katharine Hepburn	ULAN ID	500280079		
Katharine Hepburn	mother	Katharine Martha Houghton Hepburn		
Katharine Hepburn	spouse	Ludlow Ogden Smith	start time	1928-01-01T00:00:00Z
Katharine Hepburn	spouse	Ludlow Ogden Smith	end time	1934-01-01T00:00:00Z
Katharine Hepburn	country of citizenship	United States of America		
Katharine Hepburn	instance of	human		
Katharine Hepburn	educated at	Bryn Mawr College		
Katharine Hepburn	PTBNP ID	1597250		
Katharine Hepburn	National Thesaurus for Author Names ID	72970677		
Katharine Hepburn	manner of death	natural causes		
Katharine Hepburn	NUKAT (WarsawU) authorities ID	n97000993		
Katharine Hepburn	Internet Broadway Database person ID	114514		
Katharine Hepburn	Internet Broadway Database person ID	44928		
Katharine Hepburn	Internet Broadway Database person ID	111576		
Katharine Hepburn	US National Archives Identifier	10580735		
Katharine Hepburn	NNDB people ID	775/000023706		
Katharine Hepburn	AlloCiné person ID	24		
Katharine Hepburn	CANTIC-ID	a10963078		
Katharine Hepburn	CONOR ID	16389987		
Katharine Hepburn	filmography	Katharine Hepburn film and theatre credits		
Katharine Hepburn	Gran Enciclopèdia Catalana ID	32420		
Katharine Hepburn	People Australia ID	1274372		
Katharine Hepburn	nominated for	Academy Award for Best Actress	statement is subject of	13th Academy Awards
Katharine Hepburn	nominated for	Academy Award for Best Actress	for work	The Philadelphia Story
Katharine Hepburn	nominated for	Academy Award for Best Actress	statement is subject of	40th Academy Awards
Katharine Hepburn	nominated for	Academy Award for Best Actress	for work	Guess Who's Coming to Dinner
Katharine Hepburn	nominated for	Academy Award for Best Actress	statement is subject of	15th Academy Awards
Katharine Hepburn	nominated for	Academy Award for Best Actress	for work	Woman of the Year
Katharine Hepburn	nominated for	Academy Award for Best Actress	point in time	1935-01-01T00:00:00Z
Katharine Hepburn	nominated for	Academy Award for Best Actress	statement is subject of	8th Academy Awards
Katharine Hepburn	nominated for	Academy Award for Best Actress	for work	Alice Adams
Katharine Hepburn	nominated for	Tony Award for Best Actress in a Play	point in time	1982-01-01T00:00:00Z
Katharine Hepburn	nominated for	Tony Award for Best Actress in a Play	statement is subject of	36th Tony Awards
Katharine Hepburn	nominated for	Academy Award for Best Actress	statement is subject of	54th Academy Awards
Katharine Hepburn	nominated for	Academy Award for Best Actress	for work	On Golden Pond
Katharine Hepburn	nominated for	Academy Award for Best Actress	statement is subject of	24th Academy Awards
Katharine Hepburn	nominated for	Academy Award for Best Actress	for work	The African Queen
Katharine Hepburn	nominated for	Tony Award for Best Actress in a Musical	point in time	1970-01-01T00:00:00Z
Katharine Hepburn	nominated for	Tony Award for Best Actress in a Musical	statement is subject of	24th Tony Awards
Katharine Hepburn	nominated for	Academy Award for Best Actress	statement is subject of	28th Academy Awards
Katharine Hepburn	nominated for	Academy Award for Best Actress	for work	Summertime
Katharine Hepburn	nominated for	Academy Award for Best Actress	statement is subject of	35th Academy Awards
Katharine Hepburn	nominated for	Academy Award for Best Actress	for work	Long Day's Journey into Night
Katharine Hepburn	nominated for	Academy Award for Best Actress	statement is subject of	29th Academy Awards
Katharine Hepburn	nominated for	Academy Award for Best Actress	for work	The Rainmaker
Katharine Hepburn	nominated for	Academy Award for Best Actress	statement is subject of	32nd Academy Awards
Katharine Hepburn	nominated for	Academy Award for Best Actress	for work	Suddenly, Last Summer
Katharine Hepburn	nominated for	Academy Award for Best Actress	statement is subject of	41st Academy Awards
Katharine Hepburn	nominated for	Academy Award for Best Actress	for work	The Lion in Winter
Katharine Hepburn	nominated for	Academy Award for Best Actress	statement is subject of	6th Academy Awards
Katharine Hepburn	nominated for	Academy Award for Best Actress	for work	Morning Glory
Katharine Hepburn	languages spoken, written or signed	English		
Katharine Hepburn	Encyclopædia Britannica Online ID	biography/Katharine-Hepburn		
Katharine Hepburn	name in native language	Katharine Hepburn		
Katharine Hepburn	CLARA-ID	10346		
Katharine Hepburn	GTAA ID	108970		
Katharine Hepburn	National Portrait Gallery (London) person ID	mp66023		
Katharine Hepburn	genealogics.org person ID	I00362390		
Katharine Hepburn	National Library of Ireland authority ID	vtls000356556		
Katharine Hepburn	AllMovie artist ID	p31873		
Katharine Hepburn	work period (start)	1928-01-01T00:00:00Z		
Katharine Hepburn	work period (end)	1994-01-01T00:00:00Z		
Katharine Hepburn	FAST ID	13000		
Katharine Hepburn	SFDb person ID	81782		
Katharine Hepburn	Elonet person ID	224634		
Katharine Hepburn	PORT person ID	12566		
Katharine Hepburn	Theatricalia person ID	vxr		
Katharine Hepburn	Scope.dk person ID	15349		
Katharine Hepburn	Kinopoisk person ID	102546		
Katharine Hepburn	ČSFD person ID	812		
Katharine Hepburn	DNF person ID	57960		
Katharine Hepburn	Filmportal ID	81b8f71bf8b64933a23b868355f45c62		
Katharine Hepburn	BnF ID	12087309q		
Katharine Hepburn	SUDOC authorities ID	02742961X		
Katharine Hepburn	WikiTree person ID	Hepburn-455		
Katharine Hepburn	National Library of Wales ID	hepburn-katharine-1907-2003		
Katharine Hepburn	TCM Movie Database person ID	85052		
Katharine Hepburn	Guardian topic ID	film/katharinehepburn		
Katharine Hepburn	Encyclopædia Universalis ID	katharine-hepburn		
Katharine Hepburn	NE.se ID	katharine-hepburn		
Katharine Hepburn	KINENOTE person ID	1350		
Katharine Hepburn	Quora topic ID	Katharine-Hepburn		
Katharine Hepburn	SNAC Ark ID	w60k26nf		
Katharine Hepburn	IMDb ID	nm0000031		
Katharine Hepburn	NDL Auth ID	468249		
Katharine Hepburn	Babelio author ID	73635		
Katharine Hepburn	Commons category	Katharine Hepburn		
Katharine Hepburn	Artnet artist ID	katharine-hepburn		
Katharine Hepburn	NLA (Australia) ID	36528413		
Katharine Hepburn	MusicBrainz artist ID	106d01a9-9704-4d3f-8138-21d94fedfa6e		
Katharine Hepburn	partner	Spencer Tracy	start time	1941-01-01T00:00:00Z
Katharine Hepburn	partner	Spencer Tracy	end time	1967-01-01T00:00:00Z
Katharine Hepburn	Collective Biographies of Women ID	15286		
Katharine Hepburn	cinematografo name or company ID	55530		
Katharine Hepburn	American National Biography ID	1803757		
Katharine Hepburn	TMDb person ID	6598		
Katharine Hepburn	cause of death	esophageal cancer		
Katharine Hepburn	AFI person ID	92357		
Katharine Hepburn	Find A Grave memorial ID	7637789		
Katharine Hepburn	Open Media Database person ID	6598		
Katharine Hepburn	Libris-URI	mkz14st5197ccvn		
Katharine Hepburn	date of birth	1907-05-12T00:00:00Z		
Katharine Hepburn	date of death	2003-06-29T00:00:00Z		
Katharine Hepburn	Muziekweb performer ID	M00000278800		
Katharine Hepburn	Freebase ID	/m/0bw87		
Katharine Hepburn	Open Library ID	OL894602A		
Katharine Hepburn	RKDartists ID	313629		
Katharine Hepburn	NKCR AUT ID	jn20000700696		
Katharine Hepburn	family name	Hepburn		
Katharine Hepburn	given name	Katharine		
Katharine Hepburn	SELIBR ID	260705		
Katharine Hepburn	topic's main category	Category:Katharine Hepburn		
Katharine Hepburn	Commons gallery	Katharine Hepburn		
Katharine Hepburn	National Library of Israel ID	409187		
Katharine Hepburn	BNE ID	XX820229
Ron Howard	occupation	screenwriter		
Ron Howard	occupation	television director		
Ron Howard	occupation	television actor		
Ron Howard	occupation	film actor		
Ron Howard	occupation	voice actor		
Ron Howard	occupation	film producer		
Ron Howard	occupation	actor		
Ron Howard	occupation	film director		
Ron Howard	signature	http://commons.wikimedia.org/wiki/Special:FilePath/RanceHoward.png		
Ron Howard	award received	Primetime Emmy Award for Outstanding Miniseries	point in time	1998-01-01T00:00:00Z
Ron Howard	award received	Primetime Emmy Award for Outstanding Miniseries	winner	Tom Hanks
Ron Howard	award received	Primetime Emmy Award for Outstanding Miniseries	winner	Brian Grazer
Ron Howard	award received	Primetime Emmy Award for Outstanding Miniseries	winner	Graham Yost
Ron Howard	award received	Primetime Emmy Award for Outstanding Miniseries	winner	John Melfi
Ron Howard	award received	Primetime Emmy Award for Outstanding Miniseries	winner	Tony To
Ron Howard	award received	Primetime Emmy Award for Outstanding Miniseries	winner	Erik Bork
Ron Howard	award received	Primetime Emmy Award for Outstanding Miniseries	for work	From the Earth to the Moon
Ron Howard	award received	Directors Guild of America Award		
Ron Howard	award received	Directors Guild of America Award for Outstanding Directing – Feature Film	point in time	2001-01-01T00:00:00Z
Ron Howard	award received	Directors Guild of America Award for Outstanding Directing – Feature Film	for work	A Beautiful Mind
Ron Howard	award received	Directors Guild of America Award for Outstanding Directing – Feature Film	point in time	1995-01-01T00:00:00Z
Ron Howard	award received	Directors Guild of America Award for Outstanding Directing – Feature Film	for work	Apollo 13
Ron Howard	award received	Academy Award for Best Picture	point in time	2001-01-01T00:00:00Z
Ron Howard	award received	Academy Award for Best Picture	statement is subject of	74th Academy Awards
Ron Howard	award received	Academy Award for Best Picture	winner	Brian Grazer
Ron Howard	award received	Academy Award for Best Picture	for work	A Beautiful Mind
Ron Howard	award received	Saturn Award for Best Director	point in time	1986-01-01T00:00:00Z
Ron Howard	award received	Saturn Award for Best Director	for work	Cocoon
Ron Howard	award received	Academy Award for Best Director	point in time	2001-01-01T00:00:00Z
Ron Howard	award received	Academy Award for Best Director	for work	A Beautiful Mind
Ron Howard	award received	Academy Award for Best Director	point in time	2002-01-01T00:00:00Z
Ron Howard	award received	Academy Award for Best Director	statement is subject of	74th Academy Awards
Ron Howard	award received	Academy Award for Best Director	for work	A Beautiful Mind
Ron Howard	award received	Broadcast Film Critics Association Award for Best Director	point in time	2001-01-01T00:00:00Z
Ron Howard	award received	Broadcast Film Critics Association Award for Best Director	for work	A Beautiful Mind
Ron Howard	award received	Daytime Emmy Award for Outstanding Children's Animated Program	point in time	2010-01-01T00:00:00Z
Ron Howard	award received	Daytime Emmy Award for Outstanding Children's Animated Program	for work	Curious George
Ron Howard	award received	Primetime Emmy Award for Outstanding Comedy Series	point in time	2004-01-01T00:00:00Z
Ron Howard	award received	Primetime Emmy Award for Outstanding Comedy Series	for work	Arrested Development
Ron Howard	award received	Daytime Emmy Award		
Ron Howard	award received	National Medal of Arts	point in time	2003-01-01T00:00:00Z
Ron Howard	award received	Daytime Emmy Award for Outstanding Children's Animated Program	point in time	2008-01-01T00:00:00Z
Ron Howard	award received	Daytime Emmy Award for Outstanding Children's Animated Program	for work	Curious George
Ron Howard	ethnic group	White American		
Ron Howard	image	http://commons.wikimedia.org/wiki/Special:FilePath/Ron%20Howard%202011%20Shankbone%203.JPG	point in time	2011-04-27T00:00:00Z
Ron Howard	place of birth	Duncan		
Ron Howard	sex or gender	male		
Ron Howard	ISNI	0000 0001 2141 1413		
Ron Howard	VIAF ID	79169932		
Ron Howard	father	Rance Howard		
Ron Howard	GND ID	119265478		
Ron Howard	Library of Congress authority ID	n92004956		
Ron Howard	mother	Jean Speegle Howard		
Ron Howard	country of citizenship	United States of America		
Ron Howard	instance of	human		
Ron Howard	child	Paige Howard		
Ron Howard	child	Bryce Dallas Howard		
Ron Howard	educated at	Desilu Productions		
Ron Howard	educated at	USC School of Cinematic Arts		
Ron Howard	educated at	John Burroughs High School		
Ron Howard	educated at	University of Southern California		
Ron Howard	PTBNP ID	1309605		
Ron Howard	National Thesaurus for Author Names ID	71345094		
Ron Howard	NUKAT (WarsawU) authorities ID	n2006082674		
Ron Howard	NNDB people ID	365/000025290		
Ron Howard	AlloCiné person ID	4059		
Ron Howard	CANTIC-ID	a11884149		
Ron Howard	filmography	Ron Howard filmography		
Ron Howard	Munzinger IBA	21126		
Ron Howard	nominated for	Golden Globe Award for Best Motion Picture – Drama	point in time	2013-01-01T00:00:00Z
Ron Howard	nominated for	Golden Globe Award for Best Motion Picture – Drama	for work	Rush
Ron Howard	nominated for	BAFTA Award for Best Film	point in time	2009-01-01T00:00:00Z
Ron Howard	nominated for	BAFTA Award for Best Film	for work	Frost/Nixon
Ron Howard	nominated for	Primetime Emmy Award for Outstanding Miniseries	point in time	1998-01-01T00:00:00Z
Ron Howard	nominated for	Primetime Emmy Award for Outstanding Miniseries	for work	From the Earth to the Moon
Ron Howard	nominated for	Primetime Emmy Award for Outstanding Comedy Series	point in time	2006-01-01T00:00:00Z
Ron Howard	nominated for	Primetime Emmy Award for Outstanding Comedy Series	for work	Arrested Development
Ron Howard	nominated for	Daytime Emmy Award for Outstanding Children's Animated Program	point in time	2009-01-01T00:00:00Z
Ron Howard	nominated for	Daytime Emmy Award for Outstanding Children's Animated Program	for work	Curious George
Ron Howard	nominated for	Daytime Emmy Award for Outstanding Children's Animated Program	point in time	2007-01-01T00:00:00Z
Ron Howard	nominated for	Daytime Emmy Award for Outstanding Children's Animated Program	for work	Curious George
Ron Howard	nominated for	Golden Globe Award for Best Director	point in time	2008-01-01T00:00:00Z
Ron Howard	nominated for	Golden Globe Award for Best Director	for work	Frost/Nixon
Ron Howard	nominated for	Broadcast Film Critics Association Award for Best Director	point in time	2005-01-01T00:00:00Z
Ron Howard	nominated for	Broadcast Film Critics Association Award for Best Director	for work	Cinderella Man
Ron Howard	nominated for	Golden Globe Award for Best Director	point in time	1995-01-01T00:00:00Z
Ron Howard	nominated for	Golden Globe Award for Best Director	for work	Apollo 13
Ron Howard	nominated for	BAFTA Award for Best Direction	point in time	2009-01-01T00:00:00Z
Ron Howard	nominated for	BAFTA Award for Best Direction	for work	Frost/Nixon
Ron Howard	nominated for	Screen Actors Guild Award for Outstanding Performance by an Ensemble in a Comedy Series	point in time	2014-01-01T00:00:00Z
Ron Howard	nominated for	Screen Actors Guild Award for Outstanding Performance by an Ensemble in a Comedy Series	for work	Arrested Development
Ron Howard	nominated for	Directors Guild of America Award for Outstanding Directing – Feature Film	point in time	2001-01-01T00:00:00Z
Ron Howard	nominated for	Directors Guild of America Award for Outstanding Directing – Feature Film	for work	A Beautiful Mind
Ron Howard	nominated for	Broadcast Film Critics Association Award for Best Director	point in time	2008-01-01T00:00:00Z
Ron Howard	nominated for	Broadcast Film Critics Association Award for Best Director	for work	Frost/Nixon
Ron Howard	nominated for	Directors Guild of America Award for Outstanding Directing – Feature Film	point in time	1985-01-01T00:00:00Z
Ron Howard	nominated for	Directors Guild of America Award for Outstanding Directing – Feature Film	for work	Cocoon
Ron Howard	nominated for	Producers Guild of America Award for Best Theatrical Motion Picture	point in time	2009-01-01T00:00:00Z
Ron Howard	nominated for	Producers Guild of America Award for Best Theatrical Motion Picture	for work	Frost/Nixon
Ron Howard	nominated for	Best Sports Movie ESPY Award	point in time	2005-01-01T00:00:00Z
Ron Howard	nominated for	Best Sports Movie ESPY Award	for work	Cinderella Man
Ron Howard	nominated for	Broadcast Film Critics Association Award for Best Director	point in time	2001-01-01T00:00:00Z
Ron Howard	nominated for	Broadcast Film Critics Association Award for Best Director	for work	A Beautiful Mind
Ron Howard	nominated for	Satellite Award for Best Director	point in time	2008-01-01T00:00:00Z
Ron Howard	nominated for	Satellite Award for Best Director	for work	Frost/Nixon
Ron Howard	nominated for	Daytime Emmy Award for Outstanding Children's Animated Program	point in time	2011-01-01T00:00:00Z
Ron Howard	nominated for	Daytime Emmy Award for Outstanding Children's Animated Program	for work	Curious George
Ron Howard	nominated for	Academy Award for Best Picture	point in time	2001-01-01T00:00:00Z
Ron Howard	nominated for	Academy Award for Best Picture	statement is subject of	74th Academy Awards
Ron Howard	nominated for	Academy Award for Best Picture	for work	A Beautiful Mind
Ron Howard	nominated for	Primetime Emmy Award for Outstanding Animated Program	point in time	1999-01-01T00:00:00Z
Ron Howard	nominated for	Primetime Emmy Award for Outstanding Animated Program	for work	The PJs
Ron Howard	nominated for	Primetime Emmy Award for Outstanding Comedy Series	point in time	2004-01-01T00:00:00Z
Ron Howard	nominated for	Primetime Emmy Award for Outstanding Comedy Series	for work	Arrested Development
Ron Howard	nominated for	Primetime Emmy Award for Outstanding Comedy Series	point in time	2005-01-01T00:00:00Z
Ron Howard	nominated for	Primetime Emmy Award for Outstanding Comedy Series	for work	Arrested Development
Ron Howard	nominated for	Daytime Emmy Award for Outstanding Children's Animated Program	point in time	2008-01-01T00:00:00Z
Ron Howard	nominated for	Daytime Emmy Award for Outstanding Children's Animated Program	for work	Curious George
Ron Howard	nominated for	Daytime Emmy Award for Outstanding Children's Animated Program	point in time	2012-01-01T00:00:00Z
Ron Howard	nominated for	Daytime Emmy Award for Outstanding Children's Animated Program	for work	Curious George
Ron Howard	nominated for	Academy Award for Best Director	point in time	2001-01-01T00:00:00Z
Ron Howard	nominated for	Academy Award for Best Director	statement is subject of	74th Academy Awards
Ron Howard	nominated for	Academy Award for Best Director	for work	A Beautiful Mind
Ron Howard	nominated for	Golden Raspberry Award for Worst Director	point in time	2006-01-01T00:00:00Z
Ron Howard	nominated for	Golden Raspberry Award for Worst Director	for work	The Da Vinci Code
Ron Howard	nominated for	Directors Guild of America Award for Outstanding Directing – Feature Film	point in time	2008-01-01T00:00:00Z
Ron Howard	nominated for	Directors Guild of America Award for Outstanding Directing – Feature Film	for work	Frost/Nixon
Ron Howard	nominated for	BAFTA Award for Best Film	point in time	2002-01-01T00:00:00Z
Ron Howard	nominated for	BAFTA Award for Best Film	for work	A Beautiful Mind
Ron Howard	nominated for	Australian Film Institute Award for Best Foreign Film	point in time	2002-01-01T00:00:00Z
Ron Howard	nominated for	Australian Film Institute Award for Best Foreign Film	for work	A Beautiful Mind
Ron Howard	nominated for	Daytime Emmy Award for Outstanding Children's Animated Program	point in time	2010-01-01T00:00:00Z
Ron Howard	nominated for	Daytime Emmy Award for Outstanding Children's Animated Program	for work	Curious George
Ron Howard	nominated for	Saturn Award for Best Director	point in time	1984-01-01T00:00:00Z
Ron Howard	nominated for	Saturn Award for Best Director	for work	Splash
Ron Howard	nominated for	Golden Globe Award for Best Director	point in time	2001-01-01T00:00:00Z
Ron Howard	nominated for	Golden Globe Award for Best Director	for work	A Beautiful Mind
Ron Howard	nominated for	BAFTA Award for Best Direction	point in time	2002-01-01T00:00:00Z
Ron Howard	nominated for	BAFTA Award for Best Direction	for work	A Beautiful Mind
Ron Howard	nominated for	Academy Award for Best Director	point in time	2008-01-01T00:00:00Z
Ron Howard	nominated for	Academy Award for Best Director	statement is subject of	81st Academy Awards
Ron Howard	nominated for	Academy Award for Best Director	for work	Frost/Nixon
Ron Howard	nominated for	Satellite Award for Best Director	point in time	2013-01-01T00:00:00Z
Ron Howard	nominated for	Satellite Award for Best Director	for work	Rush
Ron Howard	nominated for	Hugo Award for Best Dramatic Presentation	point in time	1989-01-01T00:00:00Z
Ron Howard	nominated for	Hugo Award for Best Dramatic Presentation	for work	Willow
Ron Howard	nominated for	Directors Guild of America Award for Outstanding Directing – Feature Film	point in time	1995-01-01T00:00:00Z
Ron Howard	nominated for	Directors Guild of America Award for Outstanding Directing – Feature Film	for work	Apollo 13
Ron Howard	nominated for	Hugo Award for Best Dramatic Presentation	point in time	1996-01-01T00:00:00Z
Ron Howard	nominated for	Hugo Award for Best Dramatic Presentation	for work	Apollo 13
Ron Howard	nominated for	Golden Globe Award for Best Supporting Actor – Motion Picture	point in time	1976-01-01T00:00:00Z
Ron Howard	nominated for	Golden Globe Award for Best Supporting Actor – Motion Picture	for work	The Shootist
Ron Howard	nominated for	BAFTA Award for Best British Film	point in time	2014-01-01T00:00:00Z
Ron Howard	nominated for	BAFTA Award for Best British Film	for work	Rush
Ron Howard	nominated for	Hugo Award for Best Dramatic Presentation	point in time	1986-01-01T00:00:00Z
Ron Howard	nominated for	Hugo Award for Best Dramatic Presentation	for work	Cocoon
Ron Howard	nominated for	Academy Award for Best Picture	point in time	2008-01-01T00:00:00Z
Ron Howard	nominated for	Academy Award for Best Picture	statement is subject of	81st Academy Awards
Ron Howard	nominated for	Academy Award for Best Picture	for work	Frost/Nixon
Ron Howard	nominated for	Golden Bear	point in time	2004-01-01T00:00:00Z
Ron Howard	nominated for	Golden Bear	for work	The Missing
Ron Howard	languages spoken, written or signed	English		
Ron Howard	Encyclopædia Britannica Online ID	biography/Ron-Howard		
Ron Howard	birth name	Ronald William Howard		
Ron Howard	hair color	red hair		
Ron Howard	MovieMeter director ID	11404		
Ron Howard	AllMovie artist ID	p94983		
Ron Howard	FAST ID	1730035		
Ron Howard	SFDb person ID	73403		
Ron Howard	Elonet person ID	107904		
Ron Howard	PORT person ID	8194		
Ron Howard	Scope.dk person ID	3700		
Ron Howard	Kinopoisk person ID	8919		
Ron Howard	ČSFD person ID	2943		
Ron Howard	DNF person ID	6676		
Ron Howard	Filmportal ID	f142e087c41b4c48a7fce2e7683d9a65		
Ron Howard	BnF ID	13948573g		
Ron Howard	Box Office Mojo person ID	ronhoward		
Ron Howard	SUDOC authorities ID	56853610		
Ron Howard	TCM Movie Database person ID	89683		
Ron Howard	sibling	Clint Howard		
Ron Howard	Quora topic ID	Ron-Howard-actor-director		
Ron Howard	SNAC Ark ID	w65x6nzc		
Ron Howard	IMDb ID	nm0000165		
Ron Howard	Songkick artist ID	1199170		
Ron Howard	Commons category	Ron Howard		
Ron Howard	MusicBrainz artist ID	aa70ea39-4bf1-4901-a75f-f2541b77c0e3		
Ron Howard	TMDb person ID	6159		
Ron Howard	Open Media Database person ID	6159		
Ron Howard	Libris-URI	97mqt6mt5670vp8		
Ron Howard	date of birth	1954-03-01T00:00:00Z		
Ron Howard	National Medal of Arts winner ID	ron-howard		
Ron Howard	Television Academy Foundation interviewee ID	ron-howard		
Ron Howard	Disney A to Z ID	howard-ron		
Ron Howard	Freebase ID	/m/0g2lq		
Ron Howard	Open Library ID	OL2832156A		
Ron Howard	NKCR AUT ID	js20051003004		
Ron Howard	family name	Howard		
Ron Howard	given name	Ronald		
Ron Howard	given name	Ron		
Ron Howard	given name	William		
Ron Howard	SELIBR ID	280645		
Ron Howard	topic's main category	Category:Ron Howard		
Ron Howard	BNE ID	XX1109583
Ron Weasley	occupation	Quidditch player	start time	1995-01-01T00:00:00Z
Ron Weasley	occupation	student	start time	1991-01-01T00:00:00Z
Ron Weasley	occupation	entrepreneur		
Ron Weasley	occupation	magician		
Ron Weasley	occupation	auror		
Ron Weasley	creator	J. K. Rowling		
Ron Weasley	performer	Rupert Grint		
Ron Weasley	image	http://commons.wikimedia.org/wiki/Special:FilePath/Rupert%20Grint%20%28cropped%29.JPG	point in time	2007-07-11T00:00:00Z
Ron Weasley	image	http://commons.wikimedia.org/wiki/Special:FilePath/Rupert%20Grint%20%28cropped%29.JPG	media legend	Rupert Grint, Darsteller des Ron Weasley in den Harry-Potter-Filmen
Ron Weasley	place of birth	Devon		
Ron Weasley	sex or gender	male		
Ron Weasley	VIAF ID	2.1151533686502773E+19		
Ron Weasley	father	Arthur Weasley		
Ron Weasley	Library of Congress authority ID	no2017168662		
Ron Weasley	mother	Molly Weasley		
Ron Weasley	spouse	Hermione Granger	applies to part	Harry Potter and the Cursed Child
Ron Weasley	country of citizenship	United Kingdom		
Ron Weasley	instance of	film character		
Ron Weasley	instance of	wizard in the Harry Potter universe		
Ron Weasley	instance of	literary character		
Ron Weasley	instance of	Gryffindor student		
Ron Weasley	position held	Hogwarts prefect		
Ron Weasley	child	Hugo Granger-Weasley		
Ron Weasley	child	Rose Granger-Weasley		
Ron Weasley	member of sports team	Gryffindor quidditch team		
Ron Weasley	educated at	Hogwarts		
Ron Weasley	from fictional universe	Harry Potter universe		
Ron Weasley	present in work	Harry Potter		
Ron Weasley	present in work	Harry Potter		
Ron Weasley	present in work	Harry Potter and the Cursed Child		
Ron Weasley	present in work	Harry Potter and the Philosopher's Stone		
Ron Weasley	present in work	Harry Potter and the Goblet of Fire		
Ron Weasley	nickname	Ron		
Ron Weasley	owner of	Pigwidgeon		
Ron Weasley	hair color	orange hair		
Ron Weasley	hair color	red hair		
Ron Weasley	FAST ID	1764403		
Ron Weasley	sibling	Bill Weasley		
Ron Weasley	sibling	Fred Weasley		
Ron Weasley	sibling	George Weasley		
Ron Weasley	sibling	Ginny Weasley		
Ron Weasley	sibling	Charlie Weasley		
Ron Weasley	sibling	Percy Weasley		
Ron Weasley	Quora topic ID	Ron-Weasley-Harry-Potter-character		
Ron Weasley	IMDb ID	ch0000991	reason for deprecation	former IMDb character page
Ron Weasley	part of	Weasley family		
Ron Weasley	Commons category	Ron Weasley		
Ron Weasley	position played on team / speciality	keeper		
Ron Weasley	partner	Lavender Brown		
Ron Weasley	member of	Dumbledore's Army		
Ron Weasley	member of	Gryffindor		
Ron Weasley	Giant Bomb ID	3005-4554		
Ron Weasley	residence	Hogwarts Castle		
Ron Weasley	residence	The Burrow		
Ron Weasley	date of birth	1980-03-01T00:00:00Z		
Ron Weasley	conflict	Battle of Hogwarts		
Ron Weasley	sport	quidditch		
Ron Weasley	Freebase ID	/m/0c8jw		
Ron Weasley	given name	Ronald
Howard Shore	occupation	film score composer		
Howard Shore	occupation	conductor		
Howard Shore	occupation	composer		
Howard Shore	award received	Grammy Award for Best Score Soundtrack for Visual Media	point in time	2002-01-01T00:00:00Z
Howard Shore	award received	Grammy Award for Best Score Soundtrack for Visual Media	for work	The Lord of the Rings: The Fellowship of the Ring
Howard Shore	award received	Grammy Award		
Howard Shore	award received	Academy Award for Best Original Song	point in time	2003-01-01T00:00:00Z
Howard Shore	award received	Academy Award for Best Original Song	winner	Annie Lennox
Howard Shore	award received	Academy Award for Best Original Song	for work	Into the West
Howard Shore	award received	Governor General’s Performing Arts Award		
Howard Shore	award received	Grammy Award for Best Song Written for Visual Media	point in time	2004-01-01T00:00:00Z
Howard Shore	award received	Grammy Award for Best Song Written for Visual Media	winner	Annie Lennox
Howard Shore	award received	Grammy Award for Best Song Written for Visual Media	for work	Into the West
Howard Shore	award received	Golden Globe Award for Best Original Song	point in time	2003-01-01T00:00:00Z
Howard Shore	award received	Golden Globe Award for Best Original Song	winner	Annie Lennox
Howard Shore	award received	Golden Globe Award for Best Original Song	for work	Into the West
Howard Shore	award received	Golden Globe Award for Best Original Score	point in time	2003-01-01T00:00:00Z
Howard Shore	award received	Golden Globe Award for Best Original Score	for work	The Lord of the Rings: The Return of the King
Howard Shore	award received	Saturn Award		
Howard Shore	award received	Academy Award for Best Original Score	point in time	2001-01-01T00:00:00Z
Howard Shore	award received	Academy Award for Best Original Score	statement is subject of	74th Academy Awards
Howard Shore	award received	Academy Award for Best Original Score	for work	The Lord of the Rings: The Fellowship of the Ring
Howard Shore	award received	Officer of the Order of Canada		
Howard Shore	award received	Golden Globe Award for Best Original Score	point in time	2004-01-01T00:00:00Z
Howard Shore	award received	Golden Globe Award for Best Original Score	for work	The Aviator
Howard Shore	award received	Academy Award for Best Original Score	point in time	2003-01-01T00:00:00Z
Howard Shore	award received	Academy Award for Best Original Score	statement is subject of	76th Academy Awards
Howard Shore	award received	Academy Award for Best Original Score	for work	The Lord of the Rings: The Return of the King
Howard Shore	image	http://commons.wikimedia.org/wiki/Special:FilePath/Howard%20Shore.jpg		
Howard Shore	place of birth	Toronto		
Howard Shore	sex or gender	male		
Howard Shore	ISNI	0000 0001 2123 2327		
Howard Shore	VIAF ID	19869016		
Howard Shore	GND ID	131800299		
Howard Shore	Library of Congress authority ID	n91126627		
Howard Shore	country of citizenship	Canada		
Howard Shore	instance of	human		
Howard Shore	educated at	Berklee College of Music		
Howard Shore	National Thesaurus for Author Names ID	07223136X		
Howard Shore	Internet Broadway Database person ID	92824		
Howard Shore	AlloCiné person ID	40915		
Howard Shore	instrument	saxophone		
Howard Shore	nominated for	Academy Award for Best Original Score	statement is subject of	74th Academy Awards
Howard Shore	nominated for	Academy Award for Best Original Score	for work	The Lord of the Rings: The Fellowship of the Ring
Howard Shore	nominated for	Academy Award for Best Original Score	statement is subject of	84th Academy Awards
Howard Shore	nominated for	Academy Award for Best Original Score	for work	Hugo
Howard Shore	nominated for	Academy Award for Best Original Score	statement is subject of	76th Academy Awards
Howard Shore	nominated for	Academy Award for Best Original Score	for work	The Lord of the Rings: The Return of the King
Howard Shore	Encyclopædia Britannica Online ID	biography/Howard-Shore		
Howard Shore	Commons Creator page	Howard Shore		
Howard Shore	AllMusic artist ID	mn0000278644		
Howard Shore	GTAA ID	269110		
Howard Shore	Spotify artist ID	0OcclcP5o8VKH2TRqSY2A7		
Howard Shore	Discogs artist ID	102211		
Howard Shore	Les Archives du Spectacle Person ID	76028		
Howard Shore	AllMovie artist ID	p111295		
Howard Shore	SFDb person ID	87086		
Howard Shore	Elonet person ID	104706		
Howard Shore	PORT person ID	14654		
Howard Shore	Scope.dk person ID	335		
Howard Shore	Kinopoisk person ID	142716		
Howard Shore	ČSFD person ID	62277		
Howard Shore	DNF person ID	43821		
Howard Shore	Filmportal ID	fdf219dddaad4f5bb5df265ce584b485		
Howard Shore	BnF ID	139313673		
Howard Shore	SUDOC authorities ID	58653112		
Howard Shore	iTunes artist ID	2898817		
Howard Shore	Last.fm ID	Howard+Shore		
Howard Shore	KINENOTE person ID	5050		
Howard Shore	Quora topic ID	Howard-Shore		
Howard Shore	SNAC Ark ID	w6gh9qqv		
Howard Shore	IMDb ID	nm0006290		
Howard Shore	Songkick artist ID	76160		
Howard Shore	Commons category	Howard Shore		
Howard Shore	Carnegie Hall agent ID	1012190		
Howard Shore	MusicBrainz artist ID	9b58672a-e68e-4972-956e-a8985a165a1f		
Howard Shore	Douban Movie Celebrity ID	1027953		
Howard Shore	Open Media Database person ID	117		
Howard Shore	date of birth	1946-10-18T00:00:00Z		
Howard Shore	Freebase ID	/m/01tc9r		
Howard Shore	NKCR AUT ID	pna2004259264		
Howard Shore	family name	Shore		
Howard Shore	given name	Leslie		
Howard Shore	given name	Howard		
Howard Shore	notable work	Concerning Hobbits		
Howard Shore	official website	http://www.howardshore.com		
Howard Shore	topic's main category	Category:Howard Shore		
Howard Shore	Commons gallery	Howard Shore		
Howard Shore	work location	New York City		
Howard Shore	BNE ID	XX1110716
John Williams	occupation	pianist		
John Williams	occupation	film score composer		
John Williams	occupation	conductor		
John Williams	occupation	composer		
John Williams	signature	http://commons.wikimedia.org/wiki/Special:FilePath/John%20Williams%20Signature.png		
John Williams	genre	film score		
John Williams	award received	Kennedy Center Honors		
John Williams	award received	Academy Award for Best Original Dramatic Score	statement is subject of	48th Academy Awards
John Williams	award received	Academy Award for Best Original Dramatic Score	for work	Jaws
John Williams	award received	Academy Award for Best Original Song Score	statement is subject of	44th Academy Awards
John Williams	award received	Academy Award for Best Original Song Score	for work	Fiddler on the Roof
John Williams	award received	Academy Award for Best Original Score	statement is subject of	66th Academy Awards
John Williams	award received	Academy Award for Best Original Score	for work	Schindler's List
John Williams	award received	John Simon Guggenheim Memorial Foundation Fellowship		
John Williams	award received	Academy Award for Best Original Score	statement is subject of	50th Academy Awards
John Williams	award received	Academy Award for Best Original Score	for work	Star Wars Episode IV: A New Hope
John Williams	award received	Academy Awards		
John Williams	award received	Ordre des arts et des lettres		
John Williams	award received	Grammy Award for Best Score Soundtrack for Visual Media	point in time	2007-01-01T00:00:00Z
John Williams	award received	Grammy Award for Best Score Soundtrack for Visual Media	for work	Memoirs of a Geisha
John Williams	award received	AFI Life Achievement Award	point in time	2016-01-01T00:00:00Z
John Williams	award received	Academy Award for Best Original Score	statement is subject of	55th Academy Awards
John Williams	award received	Academy Award for Best Original Score	for work	E.T. the Extra-Terrestrial
John Williams	award received	National Medal of Arts		
John Williams	award received	Saturn Award		
John Williams	award received	Grammy Award for Best Instrumental Composition	point in time	2015-01-01T00:00:00Z
John Williams	award received	Grammy Award for Best Instrumental Composition	for work	The Book Thief
John Williams	award received	Golden Globe Award	point in time	1976-01-01T00:00:00Z
John Williams	award received	British Academy of Film and Television Arts		
John Williams	ethnic group	White American		
John Williams	image	http://commons.wikimedia.org/wiki/Special:FilePath/John%20Williams%202006.%20%282%29.jpg		
John Williams	image	http://commons.wikimedia.org/wiki/Special:FilePath/John%20Williams%20tux.jpg		
John Williams	place of birth	Long Island		
John Williams	sex or gender	male		
John Williams	ISNI	0000 0001 2347 9198		
John Williams	VIAF ID	102340285		
John Williams	GND ID	129198536		
John Williams	Library of Congress authority ID	n80145169		
John Williams	spouse	Barbara Ruick		
John Williams	country of citizenship	United States of America		
John Williams	instance of	human		
John Williams	child	Joseph Williams		
John Williams	educated at	Juilliard School		
John Williams	educated at	University of California, Los Angeles		
John Williams	National Thesaurus for Author Names ID	70339856		
John Williams	NNDB people ID	476/000023407		
John Williams	AlloCiné person ID	2209		
John Williams	CANTIC-ID	a10273153		
John Williams	instrument	piano		
John Williams	instrument	harpsichord		
John Williams	nominated for	Academy Award for Best Original Musical Score	statement is subject of	42nd Academy Awards
John Williams	nominated for	Academy Award for Best Original Musical Score	for work	Goodbye, Mr. Chips
John Williams	nominated for	Academy Award for Best Original Score	statement is subject of	55th Academy Awards
John Williams	nominated for	Academy Award for Best Original Score	for work	E.T. the Extra-Terrestrial
John Williams	nominated for	Academy Award for Best Original Score	statement is subject of	57th Academy Awards
John Williams	nominated for	Academy Award for Best Original Score	for work	The River
John Williams	nominated for	Academy Award for Best Original Score	statement is subject of	86th Academy Awards
John Williams	nominated for	Academy Award for Best Original Score	for work	The Book Thief
John Williams	nominated for	Academy Award for Best Original Musical or Comedy Score	statement is subject of	68th Academy Awards
John Williams	nominated for	Academy Award for Best Original Musical or Comedy Score	for work	Sabrina
John Williams	nominated for	Academy Award for Best Original Score	statement is subject of	78th Academy Awards
John Williams	nominated for	Academy Award for Best Original Score	for work	Memoirs of a Geisha
John Williams	nominated for	Academy Award for Best Original Score	statement is subject of	60th Academy Awards
John Williams	nominated for	Academy Award for Best Original Score	for work	The Witches of Eastwick
John Williams	nominated for	Academy Award for Best Original Score	statement is subject of	77th Academy Awards
John Williams	nominated for	Academy Award for Best Original Score	for work	Harry Potter and the Prisoner of Azkaban
John Williams	nominated for	Academy Award for Best Original Score	statement is subject of	64th Academy Awards
John Williams	nominated for	Academy Award for Best Original Score	for work	JFK
John Williams	nominated for	Academy Award for Best Original Score	statement is subject of	72nd Academy Awards
John Williams	nominated for	Academy Award for Best Original Score	for work	Angela's Ashes
John Williams	nominated for	Academy Award for Best Original Score	statement is subject of	63rd Academy Awards
John Williams	nominated for	Academy Award for Best Original Score	for work	Home Alone
John Williams	nominated for	Academy Award for Best Original Score	statement is subject of	74th Academy Awards
John Williams	nominated for	Academy Award for Best Original Score	for work	A.I. Artificial Intelligence
John Williams	nominated for	Academy Award for Best Original Dramatic Score	statement is subject of	69th Academy Awards
John Williams	nominated for	Academy Award for Best Original Dramatic Score	for work	Sleepers
John Williams	nominated for	Academy Award for Best Original Song Score	statement is subject of	44th Academy Awards
John Williams	nominated for	Academy Award for Best Original Song Score	for work	Fiddler on the Roof
John Williams	nominated for	Academy Award for Best Original Score	statement is subject of	78th Academy Awards
John Williams	nominated for	Academy Award for Best Original Score	for work	Munich
John Williams	nominated for	Academy Award for Best Original Score, no Musical	statement is subject of	42nd Academy Awards
John Williams	nominated for	Academy Award for Best Original Score, no Musical	for work	The Reivers
John Williams	nominated for	Academy Award for Best Original Score	statement is subject of	51st Academy Awards
John Williams	nominated for	Academy Award for Best Original Score	for work	Superman
John Williams	nominated for	Academy Award for Best Original Dramatic Score	statement is subject of	46th Academy Awards
John Williams	nominated for	Academy Award for Best Original Dramatic Score	for work	Cinderella Liberty
John Williams	nominated for	Academy Award for Best Score, Adaptation or Treatment	statement is subject of	40th Academy Awards
John Williams	nominated for	Academy Award for Best Score, Adaptation or Treatment	for work	Valley of the Dolls
John Williams	nominated for	Academy Award for Best Original Dramatic Score	statement is subject of	68th Academy Awards
John Williams	nominated for	Academy Award for Best Original Dramatic Score	for work	Nixon
John Williams	nominated for	Academy Award for Best Original Score	statement is subject of	60th Academy Awards
John Williams	nominated for	Academy Award for Best Original Score	for work	Empire of the Sun
John Williams	nominated for	Academy Award for Best Original Dramatic Score	statement is subject of	48th Academy Awards
John Williams	nominated for	Academy Award for Best Original Dramatic Score	for work	Jaws
John Williams	nominated for	Academy Award for Best Original Dramatic Score	statement is subject of	45th Academy Awards
John Williams	nominated for	Academy Award for Best Original Dramatic Score	for work	Images
John Williams	nominated for	Academy Award for Best Original Dramatic Score	statement is subject of	47th Academy Awards
John Williams	nominated for	Academy Award for Best Original Dramatic Score	for work	The Towering Inferno
John Williams	nominated for	Academy Award for Best Original Song Score	statement is subject of	46th Academy Awards
John Williams	nominated for	Academy Award for Best Original Song Score	for work	Tom Sawyer
John Williams	nominated for	Academy Award for Best Original Score	statement is subject of	73rd Academy Awards
John Williams	nominated for	Academy Award for Best Original Score	for work	The Patriot
John Williams	nominated for	Academy Award for Best Original Score	statement is subject of	61st Academy Awards
John Williams	nominated for	Academy Award for Best Original Score	for work	The Accidental Tourist
John Williams	nominated for	Academy Award for Best Original Dramatic Score	statement is subject of	71st Academy Awards
John Williams	nominated for	Academy Award for Best Original Dramatic Score	for work	Saving Private Ryan
John Williams	nominated for	Academy Award for Best Original Score	statement is subject of	62nd Academy Awards
John Williams	nominated for	Academy Award for Best Original Score	for work	Born on the Fourth of July
John Williams	nominated for	Academy Award for Best Original Score	statement is subject of	85th Academy Awards
John Williams	nominated for	Academy Award for Best Original Score	for work	Lincoln
John Williams	nominated for	Academy Award for Best Original Score	statement is subject of	56th Academy Awards
John Williams	nominated for	Academy Award for Best Original Score	for work	Star Wars Episode VI: Return of the Jedi
John Williams	nominated for	Academy Award for Best Original Score	statement is subject of	74th Academy Awards
John Williams	nominated for	Academy Award for Best Original Score	for work	Harry Potter and the Philosopher's Stone
John Williams	nominated for	Academy Award for Best Original Score	statement is subject of	54th Academy Awards
John Williams	nominated for	Academy Award for Best Original Score	for work	Raiders of the Lost Ark
John Williams	nominated for	Academy Award for Best Original Score	statement is subject of	84th Academy Awards
John Williams	nominated for	Academy Award for Best Original Score	for work	War Horse
John Williams	nominated for	Academy Award for Best Original Score	statement is subject of	62nd Academy Awards
John Williams	nominated for	Academy Award for Best Original Score	for work	Indiana Jones and the Last Crusade
John Williams	nominated for	Academy Award for Best Original Score	statement is subject of	88th Academy Awards
John Williams	nominated for	Academy Award for Best Original Score	for work	Star Wars: The Force Awakens
John Williams	nominated for	Academy Award for Best Original Score	statement is subject of	53rd Academy Awards
John Williams	nominated for	Academy Award for Best Original Score	for work	Star Wars Episode V: The Empire Strikes Back
John Williams	nominated for	Academy Award for Best Original Dramatic Score	statement is subject of	45th Academy Awards
John Williams	nominated for	Academy Award for Best Original Dramatic Score	for work	The Poseidon Adventure
John Williams	nominated for	Academy Award for Best Original Score	statement is subject of	66th Academy Awards
John Williams	nominated for	Academy Award for Best Original Score	for work	Schindler's List
John Williams	nominated for	Academy Award for Best Original Dramatic Score	statement is subject of	70th Academy Awards
John Williams	nominated for	Academy Award for Best Original Dramatic Score	for work	Amistad
John Williams	nominated for	Academy Award for Best Original Score	statement is subject of	84th Academy Awards
John Williams	nominated for	Academy Award for Best Original Score	for work	The Adventures of Tintin
John Williams	nominated for	Academy Award for Best Original Score	statement is subject of	75th Academy Awards
John Williams	nominated for	Academy Award for Best Original Score	for work	Catch Me If You Can
John Williams	nominated for	Academy Award for Best Original Score	statement is subject of	50th Academy Awards
John Williams	nominated for	Academy Award for Best Original Score	for work	Close Encounters of the Third Kind
John Williams	nominated for	Academy Award for Best Original Score	statement is subject of	50th Academy Awards
John Williams	nominated for	Academy Award for Best Original Score	for work	Star Wars Episode IV: A New Hope
John Williams	nominated for	Academy Award for Best Original Score	statement is subject of	57th Academy Awards
John Williams	nominated for	Academy Award for Best Original Score	for work	Indiana Jones and the Temple of Doom
John Williams	languages spoken, written or signed	English		
John Williams	Encyclopædia Britannica Online ID	biography/John-Williams-American-composer-and-conductor		
John Williams	birth name	John Towner Williams		
John Williams	name in native language	John Towner Williams		
John Williams	AllMusic artist ID	mn0000232480		
John Williams	GTAA ID	221833		
John Williams	Spotify artist ID	3dRfiJ2650SZu6GbydcHNb		
John Williams	Discogs artist ID	273394		
John Williams	Les Archives du Spectacle Person ID	94605		
John Williams	AllMovie artist ID	p116874		
John Williams	work period (start)	1951-01-01T00:00:00Z		
John Williams	FAST ID	63641		
John Williams	SFDb person ID	73347		
John Williams	Elonet person ID	900198		
John Williams	PORT person ID	15170		
John Williams	Scope.dk person ID	243		
John Williams	Kinopoisk person ID	225027		
John Williams	ČSFD person ID	62275		
John Williams	DNF person ID	55144		
John Williams	Filmportal ID	618f16639d8749b08938d40a95a3bfe3		
John Williams	record label	Sony Classical Records		
John Williams	BnF ID	13901190f		
John Williams	SUDOC authorities ID	88522598		
John Williams	Great Russian Encyclopedia Online ID	5367927		
John Williams	WikiTree person ID	Williams-37570		
John Williams	Last.fm ID	John+Williams		
John Williams	Encyclopædia Universalis ID	john-williams		
John Williams	KINENOTE person ID	253157		
John Williams	Quora topic ID	John-Williams-composer		
John Williams	VGMdb artist ID	12629		
John Williams	IMDb ID	nm0002354		
John Williams	NDL Auth ID	840807		
John Williams	discography	John Williams discography		
John Williams	Commons category	John Williams (composer)		
John Williams	openMLOL author ID	137074		
John Williams	Carnegie Hall agent ID	30080		
John Williams	MusicBrainz artist ID	53b106e7-0cc6-42cc-ac95-ed8d30a3a98e		
John Williams	member of	American Academy of Arts and Sciences		
John Williams	Songwriters Hall of Fame ID	John_Williams		
John Williams	Giant Bomb ID	3040-1371		
John Williams	Open Media Database person ID	491		
John Williams	Libris-URI	qn245xx81xspc2r		
John Williams	date of birth	1932-02-08T00:00:00Z		
John Williams	National Medal of Arts winner ID	john-williams		
John Williams	Freebase ID	/m/0146pg		
John Williams	NKCR AUT ID	ola2002158074		
John Williams	family name	Williams		
John Williams	given name	John		
John Williams	notable work	Star Wars Episode IV: A New Hope		
John Williams	notable work	Indiana Jones Adventure: Temple of the Forbidden Eye		
John Williams	notable work	Munich		
John Williams	official website	http://www.johnwilliams.org		
John Williams	SELIBR ID	207608		
John Williams	topic's main category	Category:John Williams		
John Williams	Commons gallery	John Williams (composer)		
John Williams	BNE ID	XX1190804		
Robin Williams	occupation	pianist		
Robin Williams	occupation	film score composer		
Robin Williams	occupation	conductor		
Robin Williams	occupation	composer		
Robin Williams	signature	http://commons.wikimedia.org/wiki/Special:FilePath/John%20Williams%20Signature.png		
Robin Williams	genre	film score		
Robin Williams	award received	Kennedy Center Honors		
Robin Williams	award received	Academy Award for Best Original Dramatic Score	statement is subject of	48th Academy Awards
Robin Williams	award received	Academy Award for Best Original Dramatic Score	for work	Jaws
Robin Williams	award received	Academy Award for Best Original Song Score	statement is subject of	44th Academy Awards
Robin Williams	award received	Academy Award for Best Original Song Score	for work	Fiddler on the Roof
Robin Williams	award received	Academy Award for Best Original Score	statement is subject of	66th Academy Awards
Robin Williams	award received	Academy Award for Best Original Score	for work	Schindler's List
Robin Williams	award received	John Simon Guggenheim Memorial Foundation Fellowship		
Robin Williams	award received	Academy Award for Best Original Score	statement is subject of	50th Academy Awards
Robin Williams	award received	Academy Award for Best Original Score	for work	Star Wars Episode IV: A New Hope
Robin Williams	award received	Academy Awards		
Robin Williams	award received	Ordre des arts et des lettres		
Robin Williams	award received	Grammy Award for Best Score Soundtrack for Visual Media	point in time	2007-01-01T00:00:00Z
Robin Williams	award received	Grammy Award for Best Score Soundtrack for Visual Media	for work	Memoirs of a Geisha
Robin Williams	award received	AFI Life Achievement Award	point in time	2016-01-01T00:00:00Z
Robin Williams	award received	Academy Award for Best Original Score	statement is subject of	55th Academy Awards
Robin Williams	award received	Academy Award for Best Original Score	for work	E.T. the Extra-Terrestrial
Robin Williams	award received	National Medal of Arts		
Robin Williams	award received	Saturn Award		
Robin Williams	award received	Grammy Award for Best Instrumental Composition	point in time	2015-01-01T00:00:00Z
Robin Williams	award received	Grammy Award for Best Instrumental Composition	for work	The Book Thief
Robin Williams	award received	Golden Globe Award	point in time	1976-01-01T00:00:00Z
Robin Williams	award received	British Academy of Film and Television Arts		
Robin Williams	ethnic group	White American		
Robin Williams	image	http://commons.wikimedia.org/wiki/Special:FilePath/John%20Williams%202006.%20%282%29.jpg		
Robin Williams	image	http://commons.wikimedia.org/wiki/Special:FilePath/John%20Williams%20tux.jpg		
Robin Williams	place of birth	Long Island		
Robin Williams	sex or gender	male		
Robin Williams	ISNI	0000 0001 2347 9198		
Robin Williams	VIAF ID	102340285		
Robin Williams	GND ID	129198536		
Robin Williams	Library of Congress authority ID	n80145169		
Robin Williams	spouse	Barbara Ruick		
Robin Williams	country of citizenship	United States of America		
Robin Williams	instance of	human		
Robin Williams	child	Joseph Williams		
Robin Williams	educated at	Juilliard School		
Robin Williams	educated at	University of California, Los Angeles		
Robin Williams	National Thesaurus for Author Names ID	70339856		
Robin Williams	NNDB people ID	476/000023407		
Robin Williams	AlloCiné person ID	2209		
Robin Williams	CANTIC-ID	a10273153		
Robin Williams	instrument	piano		
Robin Williams	instrument	harpsichord		
Robin Williams	nominated for	Academy Award for Best Original Musical Score	statement is subject of	42nd Academy Awards
Robin Williams	nominated for	Academy Award for Best Original Musical Score	for work	Goodbye, Mr. Chips
Robin Williams	nominated for	Academy Award for Best Original Score	statement is subject of	55th Academy Awards
Robin Williams	nominated for	Academy Award for Best Original Score	for work	E.T. the Extra-Terrestrial
Robin Williams	nominated for	Academy Award for Best Original Score	statement is subject of	57th Academy Awards
Robin Williams	nominated for	Academy Award for Best Original Score	for work	The River
Robin Williams	nominated for	Academy Award for Best Original Score	statement is subject of	86th Academy Awards
Robin Williams	nominated for	Academy Award for Best Original Score	for work	The Book Thief
Robin Williams	nominated for	Academy Award for Best Original Musical or Comedy Score	statement is subject of	68th Academy Awards
Robin Williams	nominated for	Academy Award for Best Original Musical or Comedy Score	for work	Sabrina
Robin Williams	nominated for	Academy Award for Best Original Score	statement is subject of	78th Academy Awards
Robin Williams	nominated for	Academy Award for Best Original Score	for work	Memoirs of a Geisha
Robin Williams	nominated for	Academy Award for Best Original Score	statement is subject of	60th Academy Awards
Robin Williams	nominated for	Academy Award for Best Original Score	for work	The Witches of Eastwick
Robin Williams	nominated for	Academy Award for Best Original Score	statement is subject of	77th Academy Awards
Robin Williams	nominated for	Academy Award for Best Original Score	for work	Harry Potter and the Prisoner of Azkaban
Robin Williams	nominated for	Academy Award for Best Original Score	statement is subject of	64th Academy Awards
Robin Williams	nominated for	Academy Award for Best Original Score	for work	JFK
Robin Williams	nominated for	Academy Award for Best Original Score	statement is subject of	72nd Academy Awards
Robin Williams	nominated for	Academy Award for Best Original Score	for work	Angela's Ashes
Robin Williams	nominated for	Academy Award for Best Original Score	statement is subject of	63rd Academy Awards
Robin Williams	nominated for	Academy Award for Best Original Score	for work	Home Alone
Robin Williams	nominated for	Academy Award for Best Original Score	statement is subject of	74th Academy Awards
Robin Williams	nominated for	Academy Award for Best Original Score	for work	A.I. Artificial Intelligence
Robin Williams	nominated for	Academy Award for Best Original Dramatic Score	statement is subject of	69th Academy Awards
Robin Williams	nominated for	Academy Award for Best Original Dramatic Score	for work	Sleepers
Robin Williams	nominated for	Academy Award for Best Original Song Score	statement is subject of	44th Academy Awards
Robin Williams	nominated for	Academy Award for Best Original Song Score	for work	Fiddler on the Roof
Robin Williams	nominated for	Academy Award for Best Original Score	statement is subject of	78th Academy Awards
Robin Williams	nominated for	Academy Award for Best Original Score	for work	Munich
Robin Williams	nominated for	Academy Award for Best Original Score, no Musical	statement is subject of	42nd Academy Awards
Robin Williams	nominated for	Academy Award for Best Original Score, no Musical	for work	The Reivers
Robin Williams	nominated for	Academy Award for Best Original Score	statement is subject of	51st Academy Awards
Robin Williams	nominated for	Academy Award for Best Original Score	for work	Superman
Robin Williams	nominated for	Academy Award for Best Original Dramatic Score	statement is subject of	46th Academy Awards
Robin Williams	nominated for	Academy Award for Best Original Dramatic Score	for work	Cinderella Liberty
Robin Williams	nominated for	Academy Award for Best Score, Adaptation or Treatment	statement is subject of	40th Academy Awards
Robin Williams	nominated for	Academy Award for Best Score, Adaptation or Treatment	for work	Valley of the Dolls
Robin Williams	nominated for	Academy Award for Best Original Dramatic Score	statement is subject of	68th Academy Awards
Robin Williams	nominated for	Academy Award for Best Original Dramatic Score	for work	Nixon
Robin Williams	nominated for	Academy Award for Best Original Score	statement is subject of	60th Academy Awards
Robin Williams	nominated for	Academy Award for Best Original Score	for work	Empire of the Sun
Robin Williams	nominated for	Academy Award for Best Original Dramatic Score	statement is subject of	48th Academy Awards
Robin Williams	nominated for	Academy Award for Best Original Dramatic Score	for work	Jaws
Robin Williams	nominated for	Academy Award for Best Original Dramatic Score	statement is subject of	45th Academy Awards
Robin Williams	nominated for	Academy Award for Best Original Dramatic Score	for work	Images
Robin Williams	nominated for	Academy Award for Best Original Dramatic Score	statement is subject of	47th Academy Awards
Robin Williams	nominated for	Academy Award for Best Original Dramatic Score	for work	The Towering Inferno
Robin Williams	nominated for	Academy Award for Best Original Song Score	statement is subject of	46th Academy Awards
Robin Williams	nominated for	Academy Award for Best Original Song Score	for work	Tom Sawyer
Robin Williams	nominated for	Academy Award for Best Original Score	statement is subject of	73rd Academy Awards
Robin Williams	nominated for	Academy Award for Best Original Score	for work	The Patriot
Robin Williams	nominated for	Academy Award for Best Original Score	statement is subject of	61st Academy Awards
Robin Williams	nominated for	Academy Award for Best Original Score	for work	The Accidental Tourist
Robin Williams	nominated for	Academy Award for Best Original Dramatic Score	statement is subject of	71st Academy Awards
Robin Williams	nominated for	Academy Award for Best Original Dramatic Score	for work	Saving Private Ryan
Robin Williams	nominated for	Academy Award for Best Original Score	statement is subject of	62nd Academy Awards
Robin Williams	nominated for	Academy Award for Best Original Score	for work	Born on the Fourth of July
Robin Williams	nominated for	Academy Award for Best Original Score	statement is subject of	85th Academy Awards
Robin Williams	nominated for	Academy Award for Best Original Score	for work	Lincoln
Robin Williams	nominated for	Academy Award for Best Original Score	statement is subject of	56th Academy Awards
Robin Williams	nominated for	Academy Award for Best Original Score	for work	Star Wars Episode VI: Return of the Jedi
Robin Williams	nominated for	Academy Award for Best Original Score	statement is subject of	74th Academy Awards
Robin Williams	nominated for	Academy Award for Best Original Score	for work	Harry Potter and the Philosopher's Stone
Robin Williams	nominated for	Academy Award for Best Original Score	statement is subject of	54th Academy Awards
Robin Williams	nominated for	Academy Award for Best Original Score	for work	Raiders of the Lost Ark
Robin Williams	nominated for	Academy Award for Best Original Score	statement is subject of	84th Academy Awards
Robin Williams	nominated for	Academy Award for Best Original Score	for work	War Horse
Robin Williams	nominated for	Academy Award for Best Original Score	statement is subject of	62nd Academy Awards
Robin Williams	nominated for	Academy Award for Best Original Score	for work	Indiana Jones and the Last Crusade
Robin Williams	nominated for	Academy Award for Best Original Score	statement is subject of	88th Academy Awards
Robin Williams	nominated for	Academy Award for Best Original Score	for work	Star Wars: The Force Awakens
Robin Williams	nominated for	Academy Award for Best Original Score	statement is subject of	53rd Academy Awards
Robin Williams	nominated for	Academy Award for Best Original Score	for work	Star Wars Episode V: The Empire Strikes Back
Robin Williams	nominated for	Academy Award for Best Original Dramatic Score	statement is subject of	45th Academy Awards
Robin Williams	nominated for	Academy Award for Best Original Dramatic Score	for work	The Poseidon Adventure
Robin Williams	nominated for	Academy Award for Best Original Score	statement is subject of	66th Academy Awards
Robin Williams	nominated for	Academy Award for Best Original Score	for work	Schindler's List
Robin Williams	nominated for	Academy Award for Best Original Dramatic Score	statement is subject of	70th Academy Awards
Robin Williams	nominated for	Academy Award for Best Original Dramatic Score	for work	Amistad
Robin Williams	nominated for	Academy Award for Best Original Score	statement is subject of	84th Academy Awards
Robin Williams	nominated for	Academy Award for Best Original Score	for work	The Adventures of Tintin
Robin Williams	nominated for	Academy Award for Best Original Score	statement is subject of	75th Academy Awards
Robin Williams	nominated for	Academy Award for Best Original Score	for work	Catch Me If You Can
Robin Williams	nominated for	Academy Award for Best Original Score	statement is subject of	50th Academy Awards
Robin Williams	nominated for	Academy Award for Best Original Score	for work	Close Encounters of the Third Kind
Robin Williams	nominated for	Academy Award for Best Original Score	statement is subject of	50th Academy Awards
Robin Williams	nominated for	Academy Award for Best Original Score	for work	Star Wars Episode IV: A New Hope
Robin Williams	nominated for	Academy Award for Best Original Score	statement is subject of	57th Academy Awards
Robin Williams	nominated for	Academy Award for Best Original Score	for work	Indiana Jones and the Temple of Doom
Robin Williams	languages spoken, written or signed	English		
Robin Williams	Encyclopædia Britannica Online ID	biography/John-Williams-American-composer-and-conductor		
Robin Williams	birth name	John Towner Williams		
Robin Williams	name in native language	John Towner Williams		
Robin Williams	AllMusic artist ID	mn0000232480		
Robin Williams	GTAA ID	221833		
Robin Williams	Spotify artist ID	3dRfiJ2650SZu6GbydcHNb		
Robin Williams	Discogs artist ID	273394		
Robin Williams	Les Archives du Spectacle Person ID	94605		
Robin Williams	AllMovie artist ID	p116874		
Robin Williams	work period (start)	1951-01-01T00:00:00Z		
Robin Williams	FAST ID	63641		
Robin Williams	SFDb person ID	73347		
Robin Williams	Elonet person ID	900198		
Robin Williams	PORT person ID	15170		
Robin Williams	Scope.dk person ID	243		
Robin Williams	Kinopoisk person ID	225027		
Robin Williams	ČSFD person ID	62275		
Robin Williams	DNF person ID	55144		
Robin Williams	Filmportal ID	618f16639d8749b08938d40a95a3bfe3		
Robin Williams	record label	Sony Classical Records		
Robin Williams	BnF ID	13901190f		
Robin Williams	SUDOC authorities ID	88522598		
Robin Williams	Great Russian Encyclopedia Online ID	5367927		
Robin Williams	WikiTree person ID	Williams-37570		
Robin Williams	Last.fm ID	John+Williams		
Robin Williams	Encyclopædia Universalis ID	john-williams		
Robin Williams	KINENOTE person ID	253157		
Robin Williams	Quora topic ID	John-Williams-composer		
Robin Williams	VGMdb artist ID	12629		
Robin Williams	IMDb ID	nm0002354		
Robin Williams	NDL Auth ID	840807		
Robin Williams	discography	John Williams discography		
Robin Williams	Commons category	John Williams (composer)		
Robin Williams	openMLOL author ID	137074		
Robin Williams	Carnegie Hall agent ID	30080		
Robin Williams	MusicBrainz artist ID	53b106e7-0cc6-42cc-ac95-ed8d30a3a98e		
Robin Williams	member of	American Academy of Arts and Sciences		
Robin Williams	Songwriters Hall of Fame ID	John_Williams		
Robin Williams	Giant Bomb ID	3040-1371		
Robin Williams	Open Media Database person ID	491		
Robin Williams	Libris-URI	qn245xx81xspc2r		
Robin Williams	date of birth	1932-02-08T00:00:00Z		
Robin Williams	National Medal of Arts winner ID	john-williams		
Robin Williams	Freebase ID	/m/0146pg		
Robin Williams	NKCR AUT ID	ola2002158074		
Robin Williams	family name	Williams		
Robin Williams	given name	John		
Robin Williams	notable work	Star Wars Episode IV: A New Hope		
Robin Williams	notable work	Indiana Jones Adventure: Temple of the Forbidden Eye		
Robin Williams	notable work	Munich		
Robin Williams	official website	http://www.johnwilliams.org		
Robin Williams	SELIBR ID	207608		
Robin Williams	topic's main category	Category:John Williams		
Robin Williams	Commons gallery	John Williams (composer)		
Robin Williams	BNE ID	XX1190804		

